,Peak Brightness Date/Time (UT),Latitude (deg.),Longitude (deg.),Altitude (km),Velocity (km/s),vx,vy,vz,Total Radiated Energy (J),Calculated Total Impact Energy (kt),Date,Time,Year,Month
0,2022-10-28 17:40:11,7.1N,118.9W,45.0,,,,,47000000000.0,0.16,2022-10-28,17:40:11,2022,October
1,2022-10-20 20:55:07,26.6N,165.1E,65.6,,,,,47000000000.0,0.16,2022-10-20,20:55:07,2022,October
2,2022-09-15 02:49:02,22.7N,97.6E,31.5,,,,,27000000000.0,0.095,2022-09-15,02:49:02,2022,September
3,2022-09-14 23:31:15,40.8N,63.4E,35.8,17.4,-13.9,-4.3,9.5,32000000000.0,0.11,2022-09-14,23:31:15,2022,September
4,2022-09-04 03:54:55,20.0N,165.9E,14.0,21.9,18.4,-11.4,-3.5,24000000000.0,0.086,2022-09-04,03:54:55,2022,September
5,2022-08-21 16:35:49,6.3S,51.5E,37.0,,,,,21000000000.0,0.076,2022-08-21,16:35:49,2022,August
6,2022-08-14 07:39:18,35.0S,78.4E,55.5,,,,,468000000000.0,1.2,2022-08-14,07:39:18,2022,August
7,2022-07-28 01:36:08,6.0S,86.9W,37.5,29.9,-17.1,23.5,-7.2,251000000000.0,0.68,2022-07-28,01:36:08,2022,July
8,2022-07-27 04:41:30,44.8S,2.9W,38.1,19.8,-6.1,17.7,6.5,524000000000.0,1.3,2022-07-27,04:41:30,2022,July
9,2022-07-25 07:28:17,40.5S,76.6E,33.6,15.2,-2.1,-2.2,14.9,87000000000.0,0.27,2022-07-25,07:28:17,2022,July
10,2022-07-22 00:16:19,23.3S,20.5W,32.7,17.4,-7.1,15.5,-3.3,60000000000.0,0.19,2022-07-22,00:16:19,2022,July
11,2022-07-20 10:56:53,43.0S,59.6W,32.2,16.0,-0.9,15.6,-3.6,86000000000.0,0.27,2022-07-20,10:56:53,2022,July
12,2022-07-08 01:36:37,21.3N,130.1E,22.0,20.2,17.9,-4.1,-8.3,27000000000.0,0.095,2022-07-08,01:36:37,2022,July
13,2022-07-07 01:49:26,41.7S,175.0E,35.0,,,,,734000000000.0,1.8,2022-07-07,01:49:26,2022,July
14,2022-06-30 04:02:57,31.9S,12.9W,56.0,,,,,91000000000.0,0.28,2022-06-30,04:02:57,2022,June
15,2022-06-26 20:16:26,69.7S,164.7E,19.0,20.1,0.2,-18.3,8.2,65000000000.0,0.21,2022-06-26,20:16:26,2022,June
16,2022-06-14 13:12:28,4.6N,39.1W,61.0,,,,,91000000000.0,0.28,2022-06-14,13:12:28,2022,June
17,2022-06-07 22:53:17,40.8N,127.1W,41.1,24.9,23.1,2.0,-9.2,31000000000.0,0.11,2022-06-07,22:53:17,2022,June
18,2022-05-24 02:38:20,16.3N,30.4W,39.8,,,,,126000000000.0,0.37,2022-05-24,02:38:20,2022,May
19,2022-04-21 22:15:28,55.5S,68.9W,28.4,12.7,-4.2,11.6,3.2,39000000000.0,0.13,2022-04-21,22:15:28,2022,April
20,2022-04-12 21:59:12,8.2S,57.8E,23.8,20.6,-19.3,-6.3,3.6,52000000000.0,0.17,2022-04-12,21:59:12,2022,April
21,2022-04-04 00:30:39,3.2S,64.3W,31.5,19.7,-17.6,5.3,-7.2,27000000000.0,0.095,2022-04-04,00:30:39,2022,April
22,2022-03-30 18:19:18,45.9S,171.4W,74.0,,,,,20000000000.0,0.073,2022-03-30,18:19:18,2022,March
23,2022-03-28 10:20:24,7.7S,74.3E,29.0,19.6,-16.6,-10.4,0.1,378000000000.0,0.98,2022-03-28,10:20:24,2022,March
24,2022-03-24 03:43:42,1.9N,20.6W,56.7,18.2,-12.4,11.4,6.9,76000000000.0,0.24,2022-03-24,03:43:42,2022,March
25,2022-03-11 21:22:46,70.0N,9.1W,33.3,17.2,-11.5,-5.3,-11.7,1851000000000.0,4.0,2022-03-11,21:22:46,2022,March
26,2022-03-06 15:06:15,4.1S,99.5W,,,,,,20000000000.0,0.073,2022-03-06,15:06:15,2022,March
27,2022-03-03 00:03:03,50.4S,45.9E,72.0,,,,,21000000000.0,0.076,2022-03-03,00:03:03,2022,March
28,2022-02-17 12:08:06,33.5N,38.9W,41.0,,,,,27000000000.0,0.095,2022-02-17,12:08:06,2022,February
29,2022-02-17 03:53:24,5.4N,56.4E,32.4,21.5,-4.4,-19.6,-7.7,65000000000.0,0.21,2022-02-17,03:53:24,2022,February
30,2022-02-07 20:06:26,28.7S,11.4E,26.5,13.1,-8.9,-7.3,-6.3,3480000000000.0,7.0,2022-02-07,20:06:26,2022,February
31,2022-02-03 19:50:40,13.3S,142.2E,36.0,22.8,17.6,9.7,-10.8,152000000000.0,0.44,2022-02-03,19:50:40,2022,February
32,2022-01-30 02:06:18,50.0N,38.0W,36.6,20.0,-10.8,16.8,1.0,54000000000.0,0.18,2022-01-30,02:06:18,2022,January
33,2022-01-28 05:04:45,4.5S,73.9W,37.0,,,,,341000000000.0,0.9,2022-01-28,05:04:45,2022,January
34,2022-01-11 03:33:13,58.4S,160.2W,40.8,22.8,-2.5,5.3,22.0,1264000000000.0,2.9,2022-01-11,03:33:13,2022,January
35,2022-01-01 20:23:04,66.1N,152.6W,35.5,,,,,145000000000.0,0.42,2022-01-01,20:23:04,2022,January
36,2021-12-29 03:15:35,69.7S,115.0E,44.0,22.0,7.4,-8.6,18.8,20000000000.0,0.073,2021-12-29,03:15:35,2021,December
37,2021-12-23 21:27:58,4.9S,29.6W,37.0,,,,,21000000000.0,0.076,2021-12-23,21:27:58,2021,December
38,2021-12-20 23:15:55,62.7N,60.3E,56.0,18.2,10.3,-7.1,-13.2,32000000000.0,0.11,2021-12-20,23:15:55,2021,December
39,2021-12-10 01:19:06,47.5S,172.6E,27.5,,,,,50000000000.0,0.16,2021-12-10,01:19:06,2021,December
40,2021-11-28 18:06:50,32.6N,113.5E,38.4,19.7,0.2,-2.2,-19.6,40000000000.0,0.13,2021-11-28,18:06:50,2021,November
41,2021-11-17 15:53:21,6.8S,119.1E,35.0,23.0,7.0,-18.3,-12.0,24000000000.0,0.086,2021-11-17,15:53:21,2021,November
42,2021-11-08 05:28:28,33.8S,7.7W,36.0,,,,,33000000000.0,0.11,2021-11-08,05:28:28,2021,November
43,2021-10-28 09:10:30,4.1S,138.7W,35.2,,,,,30000000000.0,0.1,2021-10-28,09:10:30,2021,October
44,2021-10-21 10:32:02,51.5N,51.4E,30.0,15.9,-14.1,-7.0,-1.9,37000000000.0,0.13,2021-10-21,10:32:02,2021,October
45,2021-10-20 08:41:50,13.8N,140.4W,28.0,,,,,60000000000.0,0.19,2021-10-20,08:41:50,2021,October
46,2021-10-20 00:43:57,59.0N,154.3E,31.4,27.5,12.9,4.2,-23.9,20000000000.0,0.073,2021-10-20,00:43:57,2021,October
47,2021-09-29 10:50:59,53.9N,148.0W,28.0,21.2,-3.5,-9.0,-18.9,137000000000.0,0.4,2021-09-29,10:50:59,2021,September
48,2021-09-06 17:55:42,2.1S,111.8W,26.0,13.6,-4.4,6.9,10.9,31000000000.0,0.11,2021-09-06,17:55:42,2021,September
49,2021-07-30 08:06:34,7.8S,90.1E,63.0,,,,,146000000000.0,0.42,2021-07-30,08:06:34,2021,July
50,2021-07-29 13:19:57,42.4N,98.4E,26.4,14.7,-1.6,-11.9,-8.4,37000000000.0,0.13,2021-07-29,13:19:57,2021,July
51,2021-07-07 13:41:14,,,,,,,,33000000000.0,0.11,2021-07-07,13:41:14,2021,July
52,2021-07-05 03:46:24,44.3N,164.2W,43.4,15.7,0.7,15.7,-0.5,740000000000.0,1.8,2021-07-05,03:46:24,2021,July
53,2021-06-09 05:43:59,17.9S,55.3W,,,,,,23000000000.0,0.082,2021-06-09,05:43:59,2021,June
54,2021-05-16 15:51:08,52.1S,171.2W,37.0,,,,,38000000000.0,0.13,2021-05-16,15:51:08,2021,May
55,2021-05-06 05:54:27,34.7S,141.0E,31.0,26.6,9.6,-24.4,-4.6,21000000000.0,0.076,2021-05-06,05:54:27,2021,May
56,2021-05-02 14:12:49,12.3N,43.4W,,,,,,25000000000.0,0.089,2021-05-02,14:12:49,2021,May
57,2021-04-13 02:16:47,26.8N,79.1W,44.4,14.1,-2.8,12.6,5.6,21000000000.0,0.076,2021-04-13,02:16:47,2021,April
58,2021-04-02 15:52:58,71.2N,106.7E,40.0,14.1,-8.9,6.3,-9.0,137000000000.0,0.4,2021-04-02,15:52:58,2021,April
59,2021-03-06 08:43:06,48.6S,90.4E,31.1,18.1,12.7,-4.7,12.0,141000000000.0,0.41,2021-03-06,08:43:06,2021,March
60,2021-03-05 13:50:01,81.1S,141.1E,32.5,23.3,10.1,-8.4,19.2,39000000000.0,0.13,2021-03-05,13:50:01,2021,March
61,2021-02-28 03:47:37,9.2N,64.1W,,,,,,28000000000.0,0.098,2021-02-28,03:47:37,2021,February
62,2021-02-09 23:27:29,75.8N,92.8W,31.0,13.1,-5.2,6.3,-10.3,30000000000.0,0.1,2021-02-09,23:27:29,2021,February
63,2021-02-02 10:03:21,48.7N,80.1E,20.0,12.8,4.0,-6.7,-10.1,31000000000.0,0.11,2021-02-02,10:03:21,2021,February
64,2021-01-31 02:59:39,5.3N,115.2E,39.4,15.2,14.0,-5.8,1.7,267000000000.0,0.72,2021-01-31,02:59:39,2021,January
65,2021-01-29 16:12:47,38.8N,51.3W,30.0,14.3,-14.2,1.9,-0.6,77000000000.0,0.24,2021-01-29,16:12:47,2021,January
66,2021-01-25 03:01:37,38.5N,47.6W,19.1,,,,,75000000000.0,0.23,2021-01-25,03:01:37,2021,January
67,2021-01-24 07:33:43,45.0S,95.5E,37.5,19.2,13.3,-3.7,13.3,61000000000.0,0.2,2021-01-24,07:33:43,2021,January
68,2020-12-29 20:32:22,14.9N,158.2W,33.0,14.4,-3.0,10.2,-9.7,49000000000.0,0.16,2020-12-29,20:32:22,2020,December
69,2020-12-28 17:27:53,36.8N,54.7W,28.3,15.2,1.5,3.5,-14.7,57000000000.0,0.18,2020-12-28,17:27:53,2020,December
70,2020-12-22 23:23:33,31.9N,96.2E,35.5,13.6,-2.6,5.9,-12.1,4898000000000.0,9.5,2020-12-22,23:23:33,2020,December
71,2020-11-28 16:34:11,33.3N,135.1E,28.1,19.6,1.8,-16.5,-10.4,26000000000.0,0.092,2020-11-28,16:34:11,2020,November
72,2020-11-25 12:20:50,30.5S,81.0W,,,,,,21000000000.0,0.076,2020-11-25,12:20:50,2020,November
73,2020-11-07 21:27:04,59.8N,16.8E,22.3,16.7,-10.8,1.2,-12.7,111000000000.0,0.33,2020-11-07,21:27:04,2020,November
74,2020-10-26 15:09:10,5.9S,160.4E,28.5,17.6,10.9,-13.8,-0.1,114000000000.0,0.34,2020-10-26,15:09:10,2020,October
75,2020-10-23 20:51:39,30.0N,71.9W,48.0,,,,,80000000000.0,0.25,2020-10-23,20:51:39,2020,October
76,2020-10-22 17:39:33,22.0N,133.5W,40.0,17.6,-9.4,14.1,-4.9,44000000000.0,0.15,2020-10-22,17:39:33,2020,October
77,2020-10-21 18:57:33,12.9N,150.2W,,,,,,22000000000.0,0.079,2020-10-21,18:57:33,2020,October
78,2020-10-21 06:38:49,29.7S,93.9W,39.0,,,,,27000000000.0,0.095,2020-10-21,06:38:49,2020,October
79,2020-10-19 07:05:47,48.6N,93.9E,40.7,,,,,21000000000.0,0.076,2020-10-19,07:05:47,2020,October
80,2020-10-18 10:52:43,11.4S,135.8W,36.0,16.4,15.6,1.5,4.9,36000000000.0,0.12,2020-10-18,10:52:43,2020,October
81,2020-09-18 08:05:27,2.4N,169.7W,46.0,11.7,10.2,2.9,-4.9,41000000000.0,0.14,2020-09-18,08:05:27,2020,September
82,2020-08-30 16:08:22,26.0N,133.5E,27.8,23.4,7.8,-21.7,3.7,64000000000.0,0.2,2020-08-30,16:08:22,2020,August
83,2020-08-02 16:36:25,35.1S,34.2W,38.0,11.1,0.5,6.0,9.3,74000000000.0,0.23,2020-08-02,16:36:25,2020,August
84,2020-07-22 02:55:40,20.0S,103.8W,36.0,,,,,22000000000.0,0.079,2020-07-22,02:55:40,2020,July
85,2020-07-20 21:25:09,51.8S,11.2W,31.6,14.1,-2.9,-1.0,-13.8,50000000000.0,0.16,2020-07-20,21:25:09,2020,July
86,2020-07-12 07:50:32,48.7S,74.0E,29.4,18.3,-5.0,-13.0,-11.9,75000000000.0,0.23,2020-07-12,07:50:32,2020,July
87,2020-05-27 17:30:18,40.8N,41.7E,29.3,14.9,-6.0,-7.3,-11.5,57000000000.0,0.18,2020-05-27,17:30:18,2020,May
88,2020-05-18 01:11:09,38.7S,77.2E,25.0,,,,,162000000000.0,0.46,2020-05-18,01:11:09,2020,May
89,2020-05-12 23:22:56,15.9N,174.2E,,,,,,83000000000.0,0.26,2020-05-12,23:22:56,2020,May
90,2020-05-09 09:37:15,7.2N,44.2W,52.5,,,,,41000000000.0,0.14,2020-05-09,09:37:15,2020,May
91,2020-05-09 02:56:11,44.8N,131.0W,31.2,14.5,-13.0,-4.0,-5.0,41000000000.0,0.14,2020-05-09,02:56:11,2020,May
92,2020-04-28 05:43:17,20.1N,109.4W,,,,,,21000000000.0,0.076,2020-04-28,05:43:17,2020,April
93,2020-04-18 13:08:38,12.5N,49.8W,,,,,,27000000000.0,0.095,2020-04-18,13:08:38,2020,April
94,2020-04-14 11:11:16,65.6S,45.6W,,,,,,20000000000.0,0.073,2020-04-14,11:11:16,2020,April
95,2020-03-26 23:27:56,38.3S,23.5E,26.5,20.7,-10.0,3.2,17.8,124000000000.0,0.37,2020-03-26,23:27:56,2020,March
96,2020-03-23 16:51:51,24.4S,67.9W,25.0,,,,,133000000000.0,0.39,2020-03-23,16:51:51,2020,March
97,2020-03-22 06:44:29,,,,,,,,25000000000.0,0.089,2020-03-22,06:44:29,2020,March
98,2020-03-04 20:25:59,53.3S,90.8E,24.3,19.8,-5.2,2.2,19.0,394000000000.0,1.0,2020-03-04,20:25:59,2020,March
99,2020-02-28 09:30:34,45.7N,15.1E,34.5,21.5,-18.2,-11.3,-2.1,115000000000.0,0.34,2020-02-28,09:30:34,2020,February
100,2020-02-24 22:21:28,3.6N,96.0W,,,,,,20000000000.0,0.073,2020-02-24,22:21:28,2020,February
101,2020-02-10 23:48:17,28.2N,76.7E,41.7,31.7,-27.8,-14.3,-5.2,27000000000.0,0.095,2020-02-10,23:48:17,2020,February
102,2020-01-27 05:39:15,30.4N,1.5E,32.5,19.8,-2.0,-16.6,-10.6,44000000000.0,0.15,2020-01-27,05:39:15,2020,January
103,2020-01-24 11:13:31,28.0N,35.8W,32.0,21.2,-18.6,-9.0,-4.7,26000000000.0,0.092,2020-01-24,11:13:31,2020,January
104,2020-01-21 20:07:44,33.1N,34.3E,43.3,27.4,-7.5,-23.5,-11.9,28000000000.0,0.098,2020-01-21,20:07:44,2020,January
105,2020-01-17 21:29:49,19.4N,66.0W,14.5,15.5,-13.2,8.1,1.2,97000000000.0,0.29,2020-01-17,21:29:49,2020,January
106,2020-01-16 09:31:42,71.7S,116.4W,27.8,12.9,9.8,-4.5,7.0,59000000000.0,0.19,2020-01-16,09:31:42,2020,January
107,2020-01-15 06:31:39,23.7S,125.2W,31.5,,,,,196000000000.0,0.55,2020-01-15,06:31:39,2020,January
108,2020-01-06 11:03:50,70.4S,17.5W,,,,,,45000000000.0,0.15,2020-01-06,11:03:50,2020,January
109,2019-12-21 14:30:52,56.5N,147.6W,35.5,22.2,14.9,-8.1,-14.3,65000000000.0,0.21,2019-12-21,14:30:52,2019,December
110,2019-12-11 01:19:11,47.7N,161.7E,37.0,17.8,13.7,-10.9,-3.3,39000000000.0,0.13,2019-12-11,01:19:11,2019,December
111,2019-12-06 10:19:57,3.3S,37.7W,19.5,,,,,46000000000.0,0.15,2019-12-06,10:19:57,2019,December
112,2019-12-03 06:46:27,5.6N,52.2W,61.5,,,,,42000000000.0,0.14,2019-12-03,06:46:27,2019,December
113,2019-11-28 20:30:54,35.7N,31.7W,35.0,13.0,-11.6,-2.5,-5.4,27000000000.0,0.095,2019-11-28,20:30:54,2019,November
114,2019-11-28 13:22:10,,,,,,,,26000000000.0,0.092,2019-11-28,13:22:10,2019,November
115,2019-11-28 11:55:02,22.1S,25.7E,22.5,24.7,-22.8,-5.5,7.6,25000000000.0,0.089,2019-11-28,11:55:02,2019,November
116,2019-11-05 11:24:51,10.4S,143.3W,38.0,27.4,5.2,12.3,23.9,110000000000.0,0.33,2019-11-05,11:24:51,2019,November
117,2019-10-22 22:21:15,12.0N,76.0W,40.7,,,,,27000000000.0,0.095,2019-10-22,22:21:15,2019,October
118,2019-10-10 16:16:36,44.3N,122.9E,47.3,14.1,1.5,-12.9,-5.4,206000000000.0,0.57,2019-10-10,16:16:36,2019,October
119,2019-09-28 10:40:20,12.5S,107.2W,52.0,20.4,-10.1,11.2,13.7,23000000000.0,0.082,2019-09-28,10:40:20,2019,September
120,2019-09-27 13:35:46,25.7N,28.4W,,,,,,34000000000.0,0.12,2019-09-27,13:35:46,2019,September
121,2019-09-14 12:39:34,38.6S,33.5W,38.0,15.9,-12.9,8.1,4.6,109000000000.0,0.33,2019-09-14,12:39:34,2019,September
122,2019-09-13 02:02:04,18.6S,126.9E,27.4,13.5,5.2,-8.1,9.5,42000000000.0,0.14,2019-09-13,02:02:04,2019,September
123,2019-09-12 12:49:48,54.5N,9.2E,42.0,18.5,-18.1,-0.4,3.7,169000000000.0,0.48,2019-09-12,12:49:48,2019,September
124,2019-09-12 02:34:58,24.9N,47.8W,30.6,17.2,-11.7,11.7,4.6,59000000000.0,0.19,2019-09-12,02:34:58,2019,September
125,2019-08-24 12:02:59,21.9N,130.4W,39.8,13.4,11.1,-5.2,5.4,40000000000.0,0.13,2019-08-24,12:02:59,2019,August
126,2019-08-22 21:47:29,24.4S,92.9W,30.2,,,,,20000000000.0,0.073,2019-08-22,21:47:29,2019,August
127,2019-08-16 20:36:05,38.9N,7.0E,36.0,14.9,-3.9,4.0,-13.8,25000000000.0,0.089,2019-08-16,20:36:05,2019,August
128,2019-07-23 20:42:58,44.6N,147.6W,30.6,16.1,1.5,15.1,-5.5,255000000000.0,0.69,2019-07-23,20:42:58,2019,July
129,2019-06-30 16:52:58,21.2N,129.5W,59.0,42.3,25.2,31.2,-13.3,32000000000.0,0.11,2019-06-30,16:52:58,2019,June
130,2019-06-30 08:11:29,2.5S,168.7E,,,,,,21000000000.0,0.076,2019-06-30,08:11:29,2019,June
131,2019-06-22 21:25:48,14.9N,66.2W,25.0,14.9,-13.4,6.0,2.5,2947000000000.0,6.0,2019-06-22,21:25:48,2019,June
132,2019-06-20 06:07:32,7.3N,67.6W,37.0,,,,,28000000000.0,0.098,2019-06-20,06:07:32,2019,June
133,2019-05-26 10:07:55,56.6N,25.3W,24.4,17.5,3.8,-5.8,16.1,42000000000.0,0.14,2019-05-26,10:07:55,2019,May
134,2019-05-25 06:44:04,19.2S,89.4E,29.2,15.8,0.2,-15.7,2.1,49000000000.0,0.16,2019-05-25,06:44:04,2019,May
135,2019-05-22 15:16:49,10.8N,37.3W,32.6,,,,,95000000000.0,0.29,2019-05-22,15:16:49,2019,May
136,2019-05-21 13:21:35,38.8S,137.5E,31.5,11.5,4.4,-8.5,6.4,656000000000.0,1.6,2019-05-21,13:21:35,2019,May
137,2019-05-19 14:47:03,23.6S,132.8E,33.3,15.2,7.3,-12.2,5.3,33000000000.0,0.11,2019-05-19,14:47:03,2019,May
138,2019-05-12 22:41:48,6.2N,57.1W,,,,,,21000000000.0,0.076,2019-05-12,22:41:48,2019,May
139,2019-05-04 15:35:46,28.4N,88.3W,26.5,,,,,22000000000.0,0.079,2019-05-04,15:35:46,2019,May
140,2019-04-22 21:42:11,48.8S,67.8E,33.3,11.4,3.4,-4.2,10.0,124000000000.0,0.37,2019-04-22,21:42:11,2019,April
141,2019-04-14 17:54:33,18.3N,74.6W,30.6,15.9,-2.5,5.9,-14.6,29000000000.0,0.1,2019-04-14,17:54:33,2019,April
142,2019-04-06 11:59:09,56.5N,94.9E,41.5,18.1,6.2,11.1,-12.9,70000000000.0,0.22,2019-04-06,11:59:09,2019,April
143,2019-04-04 22:19:01,35.3N,93.9W,,,,,,28000000000.0,0.098,2019-04-04,22:19:01,2019,April
144,2019-03-27 12:50:34,41.8S,7.4W,,,,,,22000000000.0,0.079,2019-03-27,12:50:34,2019,March
145,2019-03-19 02:06:39,24.0S,140.3E,28.7,16.2,10.2,0.4,12.6,20000000000.0,0.073,2019-03-19,02:06:39,2019,March
146,2019-03-15 12:26:56,63.7N,95.7E,31.5,14.4,5.4,-13.2,1.7,46000000000.0,0.15,2019-03-15,12:26:56,2019,March
147,2019-02-18 10:00:43,15.5S,25.3E,26.0,20.8,-16.6,-12.6,0.6,1958000000000.0,4.2,2019-02-18,10:00:43,2019,February
148,2019-02-01 18:17:10,22.5N,83.8W,23.7,16.3,-2.4,13.6,8.7,579000000000.0,1.4,2019-02-01,18:17:10,2019,February
149,2019-01-29 20:47:20,,,,,,,,25000000000.0,0.089,2019-01-29,20:47:20,2019,January
150,2019-01-22 09:18:01,18.0N,6.5E,42.5,11.6,-8.6,-5.9,5.0,36000000000.0,0.12,2019-01-22,09:18:01,2019,January
151,2018-12-23 23:38:03,47.5S,174.4W,31.8,16.5,9.9,7.6,10.8,89000000000.0,0.27,2018-12-23,23:38:03,2018,December
152,2018-12-18 23:48:20,56.9N,172.4E,26.0,13.6,6.3,-3.0,-31.2,31300000000000.0,49.0,2018-12-18,23:48:20,2018,December
153,2018-11-20 17:30:28,25.3N,6.7W,27.4,17.4,-10.1,13.9,3.0,422000000000.0,1.1,2018-11-20,17:30:28,2018,November
154,2018-11-17 21:48:24,47.3N,172.9W,32.5,19.1,7.6,17.3,-2.7,220000000000.0,0.61,2018-11-17,21:48:24,2018,November
155,2018-11-15 08:02:44,42N,57W,,,,,,20000000000.0,0.073,2018-11-15,08:02:44,2018,November
156,2018-11-14 04:03:47,37.6S,83.5E,37.0,,,,,38000000000.0,0.13,2018-11-14,04:03:47,2018,November
157,2018-10-24 21:19:07,6.7S,148.6W,33.3,,,,,47000000000.0,0.16,2018-10-24,21:19:07,2018,October
158,2018-10-22 07:11:03,,,,,,,,26000000000.0,0.092,2018-10-22,07:11:03,2018,October
159,2018-10-05 00:27:04,39.8S,31.7W,31.5,14.7,-13.2,-6.5,-0.4,38000000000.0,0.13,2018-10-05,00:27:04,2018,October
160,2018-09-25 14:10:33,23.5S,56.8E,33.0,16.5,-16.2,2.8,0.6,806000000000.0,1.9,2018-09-25,14:10:33,2018,September
161,2018-09-25 00:16:59,34.3S,44.9E,40.7,12.5,-11.0,2.5,-5.5,53000000000.0,0.17,2018-09-25,00:16:59,2018,September
162,2018-09-20 18:29:03,67.3S,75.1E,,11.1,-5.6,-7.9,5.5,83000000000.0,0.26,2018-09-20,18:29:03,2018,September
163,2018-09-17 01:08:02,6.8S,27.8W,,,,,,150000000000.0,0.43,2018-09-17,01:08:02,2018,September
164,2018-09-13 00:51:21,42.5N,50.1W,,,,,,42000000000.0,0.14,2018-09-13,00:51:21,2018,September
165,2018-08-27 04:36:45,1.7S,141.4E,33.0,16.1,9.8,-9.6,-8.4,24000000000.0,0.086,2018-08-27,04:36:45,2018,August
166,2018-08-21 12:26:14,39.2S,162.9W,37.0,,,,,22000000000.0,0.079,2018-08-21,12:26:14,2018,August
167,2018-07-27 09:35:14,58.8S,105.8E,32.0,,,,,105000000000.0,0.32,2018-07-27,09:35:14,2018,July
168,2018-07-25 21:55:26,76.9N,69.0W,43.3,24.4,20.4,12.9,-3.8,877000000000.0,2.1,2018-07-25,21:55:26,2018,July
169,2018-07-17 15:17:37,82.5N,136.7W,,,,,,211000000000.0,0.59,2018-07-17,15:17:37,2018,July
170,2018-06-26 17:51:53,32.0N,12.1E,63.0,14.1,-10.0,-1.0,-9.9,29000000000.0,0.1,2018-06-26,17:51:53,2018,June
171,2018-06-21 01:16:20,52.8N,38.1E,27.2,14.4,-8.9,-4.3,-10.5,1224000000000.0,2.8,2018-06-21,01:16:20,2018,June
172,2018-06-02 16:44:12,21.2S,23.3E,28.7,16.9,0.9,-16.4,3.9,375000000000.0,0.98,2018-06-02,16:44:12,2018,June
173,2018-05-12 03:26:46,6.5S,173.7E,34.0,,,,,193000000000.0,0.54,2018-05-12,03:26:46,2018,May
174,2018-05-08 02:27:13,32N,60.7W,,,,,,73000000000.0,0.23,2018-05-08,02:27:13,2018,May
175,2018-05-03 07:23:59,46.9N,7.5W,39.0,11.5,1.3,-2.1,-11.2,38000000000.0,0.13,2018-05-03,07:23:59,2018,May
176,2018-04-30 13:17:57,45.5S,1.4W,34.0,13.1,8.7,-9.5,2.5,30000000000.0,0.1,2018-04-30,13:17:57,2018,April
177,2018-04-21 12:06:04,59.0S,45.8E,28.2,14.6,7.1,-4.6,11.9,36000000000.0,0.12,2018-04-21,12:06:04,2018,April
178,2018-04-19 14:02:27,7.5N,3.6E,30.0,20.9,-9.1,-2.5,18.6,72000000000.0,0.23,2018-04-19,14:02:27,2018,April
179,2018-04-19 13:39:38,22.2S,72.6E,31.5,10.9,-5.9,-9.1,1.4,512000000000.0,1.3,2018-04-19,13:39:38,2018,April
180,2018-04-07 03:05:09,72.4N,78.7W,31.5,,,,,86000000000.0,0.27,2018-04-07,03:05:09,2018,April
181,2018-02-21 01:28:03,13.5S,37.1W,31.5,13.1,-0.9,13.1,-0.4,71000000000.0,0.22,2018-02-21,01:28:03,2018,February
182,2018-02-15 13:38:22,43.8S,1.1W,50.7,,,,,27000000000.0,0.095,2018-02-15,13:38:22,2018,February
183,2018-02-12 02:15:19,15.9S,58.9W,,,,,,39000000000.0,0.13,2018-02-12,02:15:19,2018,February
184,2018-02-08 22:21:41,42.9N,179.7E,43.5,,,,,259000000000.0,0.7,2018-02-08,22:21:41,2018,February
185,2018-02-01 12:21:36,19.4S,104.3E,37.0,16.5,8.1,-8.4,-11.7,190000000000.0,0.53,2018-02-01,12:21:36,2018,February
186,2018-01-22 22:06:30,14.0N,17.4W,,,,,,32000000000.0,0.11,2018-01-22,22:06:30,2018,January
187,2018-01-15 02:18:38,52.0S,57.2E,43.6,23.7,18.6,-12.1,8.4,199000000000.0,0.56,2018-01-15,02:18:38,2018,January
188,2018-01-06 21:24:22,55.8N,52.5E,26.0,21.0,0.8,2.2,-20.9,28000000000.0,0.098,2018-01-06,21:24:22,2018,January
189,2018-01-06 18:24:28,39.5S,12.8E,26.0,,,,,36000000000.0,0.12,2018-01-06,18:24:28,2018,January
190,2017-12-31 09:36:10,63.5S,101.3W,64.5,,,,,44000000000.0,0.15,2017-12-31,09:36:10,2017,December
191,2017-12-29 12:47:31,14.6N,49.5W,38.0,,,,,110000000000.0,0.33,2017-12-29,12:47:31,2017,December
192,2017-12-28 17:45:44,,,,,,,,114000000000.0,0.34,2017-12-28,17:45:44,2017,December
193,2017-12-15 13:14:37,60.2N,170.0E,20.0,31.4,27.8,-4.7,-13.9,3114000000000.0,6.4,2017-12-15,13:14:37,2017,December
194,2017-11-19 04:17:32,24.2S,135.0E,33.3,11.4,6.7,-3.4,8.6,28000000000.0,0.098,2017-11-19,04:17:32,2017,November
195,2017-10-26 22:05:35,21.3S,177.6E,42.5,,,,,558000000000.0,1.4,2017-10-26,22:05:35,2017,October
196,2017-10-23 15:31:23,28.8N,44.6E,35.4,16.7,-5.7,-10.7,-11.5,24000000000.0,0.086,2017-10-23,15:31:23,2017,October
197,2017-10-15 04:33:16,65.2S,128.2E,24.1,15.9,9.5,-8.3,9.7,33000000000.0,0.11,2017-10-15,04:33:16,2017,October
198,2017-10-09 12:51:48,18.3S,64.1W,,,,,,30000000000.0,0.1,2017-10-09,12:51:48,2017,October
199,2017-10-04 12:07:05,28.1N,99.4E,37.0,14.6,-8.5,-9.0,7.8,192000000000.0,0.54,2017-10-04,12:07:05,2017,October
200,2017-09-05 05:11:27,49.3N,116.9W,36.0,14.7,12.7,-6.1,-4.2,38000000000.0,0.13,2017-09-05,05:11:27,2017,September
201,2017-07-31 22:01:35,24.7N,118.5W,,,,,,58000000000.0,0.19,2017-07-31,22:01:35,2017,July
202,2017-07-23 06:12:38,6.6S,69.7W,38.0,17.2,-0.4,8.7,-14.8,35000000000.0,0.12,2017-07-23,06:12:38,2017,July
203,2017-07-13 09:30:36,23.1N,60.7E,35.0,13.7,-10.0,-6.5,-6.8,73000000000.0,0.23,2017-07-13,09:30:36,2017,July
204,2017-06-30 14:26:45,34.3S,134.5E,20.0,15.2,10.9,-9.7,4.2,94000000000.0,0.29,2017-06-30,14:26:45,2017,June
205,2017-06-23 20:21:55,57.0N,143.7E,35.1,24.3,17.7,13.1,-10.3,184000000000.0,0.52,2017-06-23,20:21:55,2017,June
206,2017-06-20 13:41:32,54.2S,133.0E,33.3,13.6,8.7,-5.7,8.8,636000000000.0,1.6,2017-06-20,13:41:32,2017,June
207,2017-05-24 07:03:03,9.1S,101.8E,46.0,18.4,-6.5,-16.5,-5.0,90000000000.0,0.28,2017-05-24,07:03:03,2017,May
208,2017-05-22 17:44:39,49.6S,157.6W,33.0,,,,,35000000000.0,0.12,2017-05-22,17:44:39,2017,May
209,2017-05-14 09:30:35,26.0S,32.4E,33.0,,,,,35000000000.0,0.12,2017-05-14,09:30:35,2017,May
210,2017-04-30 21:28:28,25.7S,56.2E,32.4,21.5,-13.4,-14.2,8.9,150000000000.0,0.43,2017-04-30,21:28:28,2017,April
211,2017-03-11 04:51:21,28.3N,60.2W,28.0,,,,,1263000000000.0,2.9,2017-03-11,04:51:21,2017,March
212,2017-03-09 04:16:37,40.5N,18.0W,23.0,36.5,-15.3,25.8,-20.8,400000000000.0,1.0,2017-03-09,04:16:37,2017,March
213,2017-03-08 22:21:59,26.1S,174.9E,37.0,,,,,72000000000.0,0.23,2017-03-08,22:21:59,2017,March
214,2017-02-25 01:22:59,29.5N,13.5E,25.4,12.2,-7.6,-9.3,2.2,65000000000.0,0.21,2017-02-25,01:22:59,2017,February
215,2017-02-22 18:47:30,50.7S,66.0W,,,,,,38000000000.0,0.13,2017-02-22,18:47:30,2017,February
216,2017-02-18 19:48:29,6.2N,60.4E,38.0,24.2,-6.6,-22.7,-5.3,295000000000.0,0.79,2017-02-18,19:48:29,2017,February
217,2017-02-07 17:37:31,27.4S,14.8W,54.0,,,,,20000000000.0,0.073,2017-02-07,17:37:31,2017,February
218,2017-02-06 06:09:59,10.4N,131.6E,33.5,,,,,66000000000.0,0.21,2017-02-06,06:09:59,2017,February
219,2016-12-23 03:29:09,21.3N,49.3E,42.0,29.7,-22.4,16.4,-10.5,38000000000.0,0.13,2016-12-23,03:29:09,2016,December
220,2016-12-07 04:51:39,34.5S,126.6W,,,,,,117000000000.0,0.35,2016-12-07,04:51:39,2016,December
221,2016-11-29 08:05:38,30.6S,93.1W,,,,,,31000000000.0,0.11,2016-11-29,08:05:38,2016,November
222,2016-11-24 14:10:34,15.2S,80.3E,30.6,17.4,9.1,-11.2,9.7,138000000000.0,0.4,2016-11-24,14:10:34,2016,November
223,2016-11-03 17:14:29,39.6S,16.3W,37.0,,,,,76000000000.0,0.24,2016-11-03,17:14:29,2016,November
224,2016-10-01 20:23:45,36.2N,6.7E,27.8,14.2,-10.0,3.9,-9.3,31000000000.0,0.11,2016-10-01,20:23:45,2016,October
225,2016-09-22 04:57:49,51.8S,178.5E,40.0,17.5,-2.5,-3.3,17.0,71000000000.0,0.22,2016-09-22,04:57:49,2016,September
226,2016-09-14 15:01:51,3.5S,44.6E,54.0,18.3,3.5,-16.2,7.7,76000000000.0,0.24,2016-09-14,15:01:51,2016,September
227,2016-08-27 21:45:13,56.9S,162.2E,42.0,,,,,142000000000.0,0.41,2016-08-27,21:45:13,2016,August
228,2016-08-11 05:59:58,43.7S,53.8E,34.3,14.9,-0.7,-11.4,9.6,184000000000.0,0.52,2016-08-11,05:59:58,2016,August
229,2016-08-05 18:02:44,46.4N,171.6E,32.4,,,,,121000000000.0,0.36,2016-08-05,18:02:44,2016,August
230,2016-07-21 00:48:53,7.8N,1.6W,37.0,,,,,45000000000.0,0.15,2016-07-21,00:48:53,2016,July
231,2016-07-05 01:24:26,1.0N,48.6E,38.2,25.1,-10.3,-2.0,-22.8,153000000000.0,0.44,2016-07-05,01:24:26,2016,July
232,2016-06-27 10:02:42,15.8N,11.9W,33.3,29.1,-29.1,1.5,0.7,458000000000.0,1.2,2016-06-27,10:02:42,2016,June
233,2016-06-05 06:12:55,17.4S,138.3E,28.7,14.5,6.0,-11.9,5.7,331000000000.0,0.87,2016-06-05,06:12:55,2016,June
234,2016-06-02 10:56:32,33.8N,110.9W,,,,,,172000000000.0,0.49,2016-06-02,10:56:32,2016,June
235,2016-05-29 12:14:55,10.2N,48.8W,32.0,,,,,69000000000.0,0.22,2016-05-29,12:14:55,2016,May
236,2016-05-20 11:59:46,32.8S,15.1E,30.6,20.8,5.4,-9.9,17.5,20000000000.0,0.073,2016-05-20,11:59:46,2016,May
237,2016-05-16 10:09:41,3.2N,6.6E,41.7,12.2,-6.7,-3.3,-9.6,519000000000.0,1.3,2016-05-16,10:09:41,2016,May
238,2016-05-13 00:34:01,26.2N,122.3W,33.0,,,,,101000000000.0,0.31,2016-05-13,00:34:01,2016,May
239,2016-04-24 05:39:24,9.8N,42.8W,50.0,,,,,146000000000.0,0.42,2016-04-24,05:39:24,2016,April
240,2016-04-18 11:59:10,20.7N,14.5W,31.5,17.1,-3.5,2.2,-16.6,224000000000.0,0.62,2016-04-18,11:59:10,2016,April
241,2016-04-12 09:51:40,38.3N,162.2E,,,,,,20000000000.0,0.073,2016-04-12,09:51:40,2016,April
242,2016-04-10 14:57:53,22.0N,149.0E,35.2,15.1,4.7,-12.9,-6.4,655000000000.0,1.6,2016-04-10,14:57:53,2016,April
243,2016-03-16 23:54:20,49.2S,6.3W,42.0,13.3,-7.6,9.1,6.0,32000000000.0,0.11,2016-03-16,23:54:20,2016,March
244,2016-03-03 01:32:43,48.0S,51.0E,31.8,11.7,4.8,-7.1,7.9,58000000000.0,0.19,2016-03-03,01:32:43,2016,March
245,2016-02-23 03:59:13,32.3N,67.2E,44.0,17.9,-8.5,-1.6,-15.7,35000000000.0,0.12,2016-02-23,03:59:13,2016,February
246,2016-02-21 05:58:53,36.5N,37.2W,32.0,,,,,369000000000.0,0.96,2016-02-21,05:58:53,2016,February
247,2016-02-19 08:15:02,0.7N,11.6W,39.4,15.5,-14.9,-0.5,4.1,202000000000.0,0.56,2016-02-19,08:15:02,2016,February
248,2016-02-13 00:10:13,3.1N,117.9E,,,,,,51000000000.0,0.17,2016-02-13,00:10:13,2016,February
249,2016-02-06 13:55:09,30.4S,25.5W,31.0,15.6,2.7,14.5,5.0,6853000000000.0,13.0,2016-02-06,13:55:09,2016,February
250,2016-01-27 09:59:16,45.8S,53.6E,37.0,11.5,-10.0,-4.4,3.6,50000000000.0,0.16,2016-01-27,09:59:16,2016,January
251,2016-01-21 16:44:54,10.8S,0.7E,42.5,18.1,-3.8,-17.7,-1.2,46000000000.0,0.15,2016-01-21,16:44:54,2016,January
252,2015-12-30 13:07:50,33.8N,160.7W,39.0,,,,,22000000000.0,0.079,2015-12-30,13:07:50,2015,December
253,2015-12-21 02:32:48,5.9N,143.0E,42.2,12.1,6.4,-10.0,2.5,83000000000.0,0.26,2015-12-21,02:32:48,2015,December
254,2015-12-08 00:34:23,69.9S,150.5E,38.0,,,,,197000000000.0,0.55,2015-12-08,00:34:23,2015,December
255,2015-11-13 14:59:27,16.0N,124.3E,28.0,,,,,102000000000.0,0.31,2015-11-13,14:59:27,2015,November
256,2015-11-02 21:34:20,41.4S,33.0E,37.0,,,,,78000000000.0,0.24,2015-11-02,21:34:20,2015,November
257,2015-10-31 11:34:30,9.0N,138.0W,71.0,,,,,97000000000.0,0.29,2015-10-31,11:34:30,2015,October
258,2015-10-30 07:07:12,85.0S,161.7W,,,,,,180000000000.0,0.51,2015-10-30,07:07:12,2015,October
259,2015-10-13 12:23:08,8.0S,52.5W,38.9,12.9,-6.6,3.8,10.4,23000000000.0,0.082,2015-10-13,12:23:08,2015,October
260,2015-10-11 00:07:46,55.4S,18.8W,,,,,,30000000000.0,0.1,2015-10-11,00:07:46,2015,October
261,2015-10-10 09:57:51,51.0S,21.1W,51.8,11.8,-1.3,-5.1,10.6,36000000000.0,0.12,2015-10-10,09:57:51,2015,October
262,2015-10-04 21:02:17,22.0N,171.6W,36.1,,,,,44000000000.0,0.15,2015-10-04,21:02:17,2015,October
263,2015-09-17 21:03:14,43.1S,94.9E,,,,,,98000000000.0,0.3,2015-09-17,21:03:14,2015,September
264,2015-09-14 23:50:50,5.8N,15.2W,,,,,,70000000000.0,0.22,2015-09-14,23:50:50,2015,September
265,2015-09-08 13:46:42,6.3N,29.9E,44.4,16.1,-11.5,-11.3,-0.9,20000000000.0,0.073,2015-09-08,13:46:42,2015,September
266,2015-09-07 01:41:19,14.5N,98.9E,29.3,21.0,16.8,-12.0,-3.8,1798000000000.0,3.9,2015-09-07,01:41:19,2015,September
267,2015-09-02 20:10:30,39.1N,40.2E,39.8,24.1,10.3,-12.2,-18.0,37000000000.0,0.13,2015-09-02,20:10:30,2015,September
268,2015-08-04 10:24:59,9.6S,125.9E,,,,,,29000000000.0,0.1,2015-08-04,10:24:59,2015,August
269,2015-07-19 07:06:26,20.6N,87.6W,22.0,17.8,9.4,13.0,7.8,23000000000.0,0.082,2015-07-19,07:06:26,2015,July
270,2015-07-12 22:23:14,31.0N,159.6E,41.0,,,,,22000000000.0,0.079,2015-07-12,22:23:14,2015,July
271,2015-07-04 01:40:11,38.6N,103.1E,46.3,49.0,0.9,-40.4,-27.7,56000000000.0,0.18,2015-07-04,01:40:11,2015,July
272,2015-06-14 03:03:06,6.3N,124.1E,32.4,31.9,-4.7,-17.8,-26.0,71000000000.0,0.22,2015-06-14,03:03:06,2015,June
273,2015-06-12 17:03:35,1.3S,32.1W,43.5,,,,,176000000000.0,0.5,2015-06-12,17:03:35,2015,June
274,2015-06-10 17:43:03,11.5S,161.9W,61.1,,,,,384000000000.0,1.0,2015-06-10,17:43:03,2015,June
275,2015-06-02 08:44:50,6.4S,142.7W,,,,,,380000000000.0,0.99,2015-06-02,08:44:50,2015,June
276,2015-05-20 10:20:41,1.0N,172.6E,32.4,,,,,36000000000.0,0.12,2015-05-20,10:20:41,2015,May
277,2015-05-18 17:13:51,32.4N,139.1E,29.0,,,,,43000000000.0,0.14,2015-05-18,17:13:51,2015,May
278,2015-05-10 07:45:01,46.3S,179.3W,29.6,12.2,11.2,0.9,4.7,143000000000.0,0.42,2015-05-10,07:45:01,2015,May
279,2015-05-07 20:34:34,21.5S,29.3W,37.0,17.3,-16.2,-5.8,1.4,52000000000.0,0.17,2015-05-07,20:34:34,2015,May
280,2015-04-30 10:21:01,48.7S,139.1E,26.7,12.9,12.2,-4.2,0.9,105000000000.0,0.32,2015-04-30,10:21:01,2015,April
281,2015-04-21 01:42:51,37.7N,39.6W,37.4,21.3,-15.3,12.8,7.4,88000000000.0,0.27,2015-04-21,01:42:51,2015,April
282,2015-04-10 01:14:27,42.8S,8.2E,,,,,,65000000000.0,0.21,2015-04-10,01:14:27,2015,April
283,2015-04-08 04:06:31,25.5S,51.5E,36.3,19.2,8.0,-15.6,-7.9,173000000000.0,0.49,2015-04-08,04:06:31,2015,April
284,2015-04-03 01:39:38,8.4N,157.9W,,,,,,42000000000.0,0.14,2015-04-03,01:39:38,2015,April
285,2015-03-30 21:33:52,36.1S,5.5W,33.1,13.8,-13.7,-1.7,0.8,64000000000.0,0.2,2015-03-30,21:33:52,2015,March
286,2015-03-18 00:04:50,5.4S,159.3E,50.0,,,,,121000000000.0,0.36,2015-03-18,00:04:50,2015,March
287,2015-03-11 06:18:59,8.0N,119.1E,35.2,19.9,5.5,-10.5,-16.0,72000000000.0,0.23,2015-03-11,06:18:59,2015,March
288,2015-03-08 04:26:28,39.1S,118.6W,,,,,,20000000000.0,0.073,2015-03-08,04:26:28,2015,March
289,2015-03-04 04:30:05,15.9S,88.1E,39.8,18.0,7.8,-16.0,-2.5,55000000000.0,0.18,2015-03-04,04:30:05,2015,March
290,2015-02-26 22:06:24,68.0N,149.0W,33.7,21.1,5.6,-2.3,-20.2,188000000000.0,0.53,2015-02-26,22:06:24,2015,February
291,2015-02-25 10:53:24,12.4N,122.4W,42.0,,,,,58000000000.0,0.19,2015-02-25,10:53:24,2015,February
292,2015-02-17 13:19:50,8.0S,11.2W,39.0,28.8,-28.2,3.4,4.6,33000000000.0,0.11,2015-02-17,13:19:50,2015,February
293,2015-01-09 17:31:47,23.3S,49.2W,,,,,,22000000000.0,0.079,2015-01-09,17:31:47,2015,January
294,2015-01-09 10:41:11,2.0N,28.8E,36.0,17.5,-10.7,-7.6,11.6,139000000000.0,0.41,2015-01-09,10:41:11,2015,January
295,2015-01-07 01:05:59,45.7N,26.9E,45.5,35.7,-35.4,1.8,-4.4,136000000000.0,0.4,2015-01-07,01:05:59,2015,January
296,2015-01-02 13:39:19,31.1S,140.0E,38.1,18.1,4.5,-14.4,-10.0,20000000000.0,0.073,2015-01-02,13:39:19,2015,January
297,2014-12-13 02:53:52,86.7N,162.1W,30.7,21.7,15.3,-13.3,-7.8,44000000000.0,0.15,2014-12-13,02:53:52,2014,December
298,2014-12-12 06:48:11,33.5N,144.9E,26.3,12.0,11.5,-2.8,-2.2,33000000000.0,0.11,2014-12-12,06:48:11,2014,December
299,2014-12-09 21:19:18,76.6N,96.3E,26.3,,,,,78000000000.0,0.24,2014-12-09,21:19:18,2014,December
300,2014-11-28 11:47:18,45.8S,172.7W,26.1,13.4,0.4,-1.4,13.3,700000000000.0,1.7,2014-11-28,11:47:18,2014,November
301,2014-11-27 12:12:52,18.8S,73.4W,38.0,,,,,55000000000.0,0.18,2014-11-27,12:12:52,2014,November
302,2014-11-26 23:16:51,69.5S,179.7W,23.3,25.3,21.3,2.2,13.4,118000000000.0,0.35,2014-11-26,23:16:51,2014,November
303,2014-11-26 17:40:16,68.2S,24.0W,37.0,19.9,-7.0,16.1,9.4,105000000000.0,0.32,2014-11-26,17:40:16,2014,November
304,2014-11-04 20:13:30,43.1N,115.8E,22.2,16.0,-7.2,-12.1,-7.7,156000000000.0,0.45,2014-11-04,20:13:30,2014,November
305,2014-10-21 18:55:37,22.2N,132.9W,,,,,,34000000000.0,0.12,2014-10-21,18:55:37,2014,October
306,2014-10-17 14:07:36,4.6S,66.3W,39.0,,,,,72000000000.0,0.23,2014-10-17,14:07:36,2014,October
307,2014-10-14 10:25:03,2.0S,119.2E,27.2,16.9,15.0,-6.9,-3.5,29000000000.0,0.1,2014-10-14,10:25:03,2014,October
308,2014-10-06 20:02:15,43.7S,85.7E,,,,,,39000000000.0,0.13,2014-10-06,20:02:15,2014,October
309,2014-09-09 18:55:46,3.2N,137.2E,32.5,,,,,28000000000.0,0.098,2014-09-09,18:55:46,2014,September
310,2014-09-05 21:37:26,22.7N,150.0W,,,,,,35000000000.0,0.12,2014-09-05,21:37:26,2014,September
311,2014-08-29 23:15:39,6.2S,49.9W,,,,,,26000000000.0,0.092,2014-08-29,23:15:39,2014,August
312,2014-08-28 03:07:45,3.2N,45.4W,,,,,,34000000000.0,0.12,2014-08-28,03:07:45,2014,August
313,2014-08-23 06:29:41,61.7S,132.6E,22.2,16.2,-2.3,5.7,16.5,3819000000000.0,7.6,2014-08-23,06:29:41,2014,August
314,2014-07-29 07:38:07,49.2S,172.2W,,,,,,73000000000.0,0.23,2014-07-29,07:38:07,2014,July
315,2014-07-29 03:07:43,33.9S,115.9W,,,,,,53000000000.0,0.17,2014-07-29,03:07:43,2014,July
316,2014-06-28 02:40:07,18.9N,141.2E,26.3,12.4,12.0,3.5,-10.5,245000000000.0,0.67,2014-06-28,02:40:07,2014,June
317,2014-06-26 05:54:41,71.5S,93.4E,28.5,11.2,7.0,2.9,8.3,61000000000.0,0.2,2014-06-26,05:54:41,2014,June
318,2014-05-29 01:12:36,21.9N,131.1W,28.7,,,,,58000000000.0,0.19,2014-05-29,01:12:36,2014,May
319,2014-05-16 20:06:28,39.4S,95.9W,30.8,18.0,2.9,13.4,-12.5,136000000000.0,0.4,2014-05-16,20:06:28,2014,May
320,2014-05-16 12:42:48,44.2S,176.2W,44.0,16.5,14.4,4.6,6.5,309000000000.0,0.82,2014-05-16,12:42:48,2014,May
321,2014-05-08 19:42:37,36.9S,87.3E,35.4,19.0,-2.0,-16.1,9.9,1050000000000.0,2.4,2014-05-08,19:42:37,2014,May
322,2014-03-29 13:45:41,28.7S,121.5E,30.7,16.3,10.0,-12.7,2.2,39000000000.0,0.13,2014-03-29,13:45:41,2014,March
323,2014-03-18 11:02:37,0.0N,111.8W,30.5,,,,,540000000000.0,1.3,2014-03-18,11:02:37,2014,March
324,2014-03-03 15:00:21,29.0S,94.9W,,,,,,94000000000.0,0.29,2014-03-03,15:00:21,2014,March
325,2014-02-18 12:50:44,32.8S,61.5W,,,,,,26000000000.0,0.092,2014-02-18,12:50:44,2014,February
326,2014-02-13 06:47:42,13.3N,110.7W,25.0,,,,,630000000000.0,1.5,2014-02-13,06:47:42,2014,February
327,2014-01-15 02:46:19,18.5S,141.8E,29.6,,,,,140000000000.0,0.41,2014-01-15,02:46:19,2014,January
328,2014-01-12 16:00:48,2.9N,64.4E,37.0,16.2,-5.2,-15.1,2.6,78000000000.0,0.24,2014-01-12,16:00:48,2014,January
329,2014-01-08 17:05:34,1.3S,147.6E,18.7,44.8,-3.4,-43.5,-10.3,31000000000.0,0.11,2014-01-08,17:05:34,2014,January
330,2013-12-23 08:30:57,39.5N,2.0E,34.3,15.1,-1.1,11.4,-9.9,147000000000.0,0.43,2013-12-23,08:30:57,2013,December
331,2013-12-08 03:10:09,32.8N,165.1W,23.5,11.8,2.3,2.5,-11.3,64000000000.0,0.2,2013-12-08,03:10:09,2013,December
332,2013-11-21 01:50:35,44.7N,35.3E,59.3,12.4,-5.0,-11.0,-2.7,75000000000.0,0.23,2013-11-21,01:50:35,2013,November
333,2013-10-12 16:06:45,19.1S,25.0W,22.2,12.8,-8.0,8.4,-5.5,1610000000000.0,3.5,2013-10-12,16:06:45,2013,October
334,2013-10-09 17:27:36,,,,,,,,60000000000.0,0.19,2013-10-09,17:27:36,2013,October
335,2013-09-24 15:31:16,10.3S,164.7W,40.7,,,,,160000000000.0,0.46,2013-09-24,15:31:16,2013,September
336,2013-08-12 18:08:02,34.4S,118.2E,66.6,,,,,44000000000.0,0.15,2013-08-12,18:08:02,2013,August
337,2013-07-31 07:00:38,,,,,,,,39000000000.0,0.13,2013-07-31,07:00:38,2013,July
338,2013-07-31 03:50:14,31.8S,137.1E,29.1,17.8,17.7,-2.3,-0.1,69000000000.0,0.22,2013-07-31,03:50:14,2013,July
339,2013-07-30 02:36:58,50.2S,90.2E,25.6,18.8,15.9,-8.6,5.1,390000000000.0,1.0,2013-07-30,02:36:58,2013,July
340,2013-07-27 08:30:36,0.3N,156.2E,26.5,22.1,16.0,14.9,-3.3,120000000000.0,0.36,2013-07-27,08:30:36,2013,July
341,2013-07-26 11:32:26,21.0N,178.5W,37.0,,,,,20000000000.0,0.073,2013-07-26,11:32:26,2013,July
342,2013-07-18 00:46:37,,,,,,,,22000000000.0,0.079,2013-07-18,00:46:37,2013,July
343,2013-06-13 02:51:14,,,,,,,,22000000000.0,0.079,2013-06-13,02:51:14,2013,June
344,2013-06-01 22:49:48,65.6S,138.4E,28.9,,,,,34000000000.0,0.12,2013-06-01,22:49:48,2013,June
345,2013-05-14 23:20:21,3.0S,76.4E,,,,,,20000000000.0,0.073,2013-05-14,23:20:21,2013,May
346,2013-04-30 08:40:38,35.5N,30.7W,21.2,12.1,1.0,9.0,-8.0,5110000000000.0,10.0,2013-04-30,08:40:38,2013,April
347,2013-04-21 06:23:12,28.1S,64.6W,40.7,14.9,5.0,14.0,1.0,1066000000000.0,2.5,2013-04-21,06:23:12,2013,April
348,2013-03-12 10:32:59,32.7S,17.1E,26.0,,,,,29000000000.0,0.1,2013-03-12,10:32:59,2013,March
349,2013-02-20 13:13:07,23.0S,38.8W,,13.6,-11.0,-8.0,-1.0,32000000000.0,0.1,2013-02-20,13:13:07,2013,February
350,2013-02-15 03:20:33,54.8N,61.1E,23.3,18.6,12.8,-13.3,-2.4,375000000000000.0,440.0,2013-02-15,03:20:33,2013,February
351,2013-02-07 13:12:24,18.8S,158.6W,,,,,,65000000000.0,0.21,2013-02-07,13:12:24,2013,February
352,2013-01-25 07:40:18,60.3N,64.6W,,,,,,3400000000000.0,6.9,2013-01-25,07:40:18,2013,January
353,2013-01-12 03:04:21,15.1S,155.6W,36.1,,,,,48000000000.0,0.16,2013-01-12,03:04:21,2013,January
354,2012-12-30 07:25:35,17.3N,83.6W,,,,,,198000000000.0,0.55,2012-12-30,07:25:35,2012,December
355,2012-12-18 11:19:17,,,,,,,,27000000000.0,0.095,2012-12-18,11:19:17,2012,December
356,2012-11-20 20:37:31,2.5N,29.6E,33.3,14.3,-12.2,-5.3,5.3,25000000000.0,0.089,2012-11-20,20:37:31,2012,November
357,2012-11-20 06:25:11,8.0S,86.0W,,,,,,120000000000.0,0.36,2012-11-20,06:25:11,2012,November
358,2012-10-25 15:57:19,,,,,,,,30000000000.0,0.1,2012-10-25,15:57:19,2012,October
359,2012-10-19 16:26:22,75.4S,49.6E,29.3,13.2,-2.3,-3.9,12.4,23000000000.0,0.082,2012-10-19,16:26:22,2012,October
360,2012-10-09 00:54:55,51.2N,84.6W,27.8,13.5,3.4,12.0,5.1,210000000000.0,0.58,2012-10-09,00:54:55,2012,October
361,2012-10-03 22:50:12,41.5S,21.9W,,17.0,-2.4,5.5,15.9,280000000000.0,0.75,2012-10-03,22:50:12,2012,October
362,2012-10-02 16:38:38,8.1S,111.9W,35.0,15.4,1.4,15.3,1.0,470000000000.0,1.2,2012-10-02,16:38:38,2012,October
363,2012-09-28 05:44:12,6.9S,73.7E,,,,,,38000000000.0,0.13,2012-09-28,05:44:12,2012,September
364,2012-09-18 19:34:39,1.2N,52.2W,28.1,18.3,-1.9,14.1,-11.5,244000000000.0,0.67,2012-09-18,19:34:39,2012,September
365,2012-09-11 22:07:30,18.9S,105.2E,,,,,,52000000000.0,0.17,2012-09-11,22:07:30,2012,September
366,2012-09-10 01:03:32,69.8S,111.7W,23.8,16.9,-10.2,-5.2,12.4,23000000000.0,0.082,2012-09-10,01:03:32,2012,September
367,2012-08-27 06:57:43,18.3S,64.2E,38.7,28.9,-8.0,-23.7,-14.5,68000000000.0,0.22,2012-08-27,06:57:43,2012,August
368,2012-08-26 14:55:47,11.8N,117.0E,36.0,12.7,5.0,-11.6,-0.7,249000000000.0,0.68,2012-08-26,14:55:47,2012,August
369,2012-08-13 05:31:53,,,,,,,,33000000000.0,0.11,2012-08-13,05:31:53,2012,August
370,2012-07-27 04:19:50,63.1N,172.3E,27.2,,,,,34000000000.0,0.12,2012-07-27,04:19:50,2012,July
371,2012-07-25 07:48:20,36.4N,41.5E,26.8,18.5,0.8,2.0,-18.4,133000000000.0,0.39,2012-07-25,07:48:20,2012,July
372,2012-06-05 07:44:54,,,,,,,,24000000000.0,0.086,2012-06-05,07:44:54,2012,June
373,2012-05-25 11:31:24,41.8S,36.2W,,,,,,60000000000.0,0.19,2012-05-25,11:31:24,2012,May
374,2012-05-22 08:31:42,,,,,,,,211000000000.0,0.59,2012-05-22,08:31:42,2012,May
375,2012-05-15 11:04:17,61.8S,135.5W,33.3,17.1,-0.8,1.1,17.0,132000000000.0,0.39,2012-05-15,11:04:17,2012,May
376,2012-05-04 21:54:49,76.7N,10.6W,,,,,,229000000000.0,0.63,2012-05-04,21:54:49,2012,May
377,2012-04-23 22:01:10,36.2N,107.4E,25.2,,,,,44000000000.0,0.15,2012-04-23,22:01:10,2012,April
378,2012-04-21 16:08:23,15.8S,174.8W,,,,,,143000000000.0,0.42,2012-04-21,16:08:23,2012,April
379,2012-04-19 22:12:10,5.5N,16.8E,,,,,,30000000000.0,0.1,2012-04-19,22:12:10,2012,April
380,2012-04-02 16:50:33,28.1N,95.2W,,,,,,32000000000.0,0.11,2012-04-02,16:50:33,2012,April
381,2012-03-12 06:40:44,2.5N,139.8E,25.0,11.8,0.1,-11.8,0.3,99000000000.0,0.3,2012-03-12,06:40:44,2012,March
382,2012-03-03 21:28:24,7.8N,2.7E,20.4,,,,,101000000000.0,0.31,2012-03-03,21:28:24,2012,March
383,2012-03-01 03:12:40,46.9N,29.8W,,,,,,22000000000.0,0.079,2012-03-01,03:12:40,2012,March
384,2012-02-24 19:11:41,22.7S,30.8E,,,,,,37000000000.0,0.13,2012-02-24,19:11:41,2012,February
385,2012-02-17 10:47:16,3.2S,39.9W,45.6,,,,,154000000000.0,0.44,2012-02-17,10:47:16,2012,February
386,2012-02-16 04:50:52,9.8N,151.8E,,,,,,98000000000.0,0.3,2012-02-16,04:50:52,2012,February
387,2012-02-12 05:25:52,31.7S,54.9E,61.0,,,,,140000000000.0,0.41,2012-02-12,05:25:52,2012,February
388,2012-02-04 14:42:51,32.4N,0.1E,34.2,12.2,-3.9,10.9,4.0,150000000000.0,0.43,2012-02-04,14:42:51,2012,February
389,2012-01-15 12:26:20,64.1S,109.9E,26.3,12.3,-1.9,5.1,11.0,21000000000.0,0.076,2012-01-15,12:26:20,2012,January
390,2012-01-11 02:23:15,32.2N,88.5E,,,,,,85000000000.0,0.26,2012-01-11,02:23:15,2012,January
391,2011-12-19 11:35:39,30.2S,52.6E,36.1,,,,,135000000000.0,0.4,2011-12-19,11:35:39,2011,December
392,2011-12-14 05:01:38,62.9S,89.6E,32.4,,,,,50000000000.0,0.16,2011-12-14,05:01:38,2011,December
393,2011-12-11 17:29:33,,,,,,,,29000000000.0,0.1,2011-12-11,17:29:33,2011,December
394,2011-11-20 05:25:05,27.9S,116.3E,,,,,,23000000000.0,0.082,2011-11-20,05:25:05,2011,November
395,2011-10-12 07:13:20,26.4S,78.4W,,,,,,36000000000.0,0.12,2011-10-12,07:13:20,2011,October
396,2011-09-13 23:36:47,19.9S,13.8W,21.3,16.7,-3.7,1.8,16.2,67000000000.0,0.21,2011-09-13,23:36:47,2011,September
397,2011-08-31 09:44:13,18.6N,5.1W,,,,,,27000000000.0,0.095,2011-08-31,09:44:13,2011,August
398,2011-08-20 20:01:37,27.2S,2.8W,,,,,,23000000000.0,0.082,2011-08-20,20:01:37,2011,August
399,2011-08-18 14:55:45,,,,,,,,23000000000.0,0.082,2011-08-18,14:55:45,2011,August
400,2011-08-11 02:56:08,,,,,,,,35000000000.0,0.12,2011-08-11,02:56:08,2011,August
401,2011-08-04 07:25:57,40.7S,86.7W,63.0,,,,,28000000000.0,0.098,2011-08-04,07:25:57,2011,August
402,2011-07-27 23:00:36,45.3S,63.5E,29.6,,,,,44000000000.0,0.15,2011-07-27,23:00:36,2011,July
403,2011-07-07 23:25:54,,,,,,,,33000000000.0,0.11,2011-07-07,23:25:54,2011,July
404,2011-07-05 15:42:41,29.1N,139.7E,40.7,,,,,65000000000.0,0.21,2011-07-05,15:42:41,2011,July
405,2011-07-04 09:18:04,51.7S,175.0E,,,,,,29000000000.0,0.1,2011-07-04,09:18:04,2011,July
406,2011-06-16 11:51:50,67.3N,21.4W,40.5,,,,,24000000000.0,0.086,2011-06-16,11:51:50,2011,June
407,2011-05-25 05:40:02,4.1N,14.0E,59.0,11.6,-3.4,-10.8,2.4,2280000000000.0,4.8,2011-05-25,05:40:02,2011,May
408,2011-05-16 13:39:06,1.2S,92.8E,,,,,,20000000000.0,0.073,2011-05-16,13:39:06,2011,May
409,2011-04-27 20:38:09,1.4N,126.6W,28.7,,,,,220000000000.0,0.61,2011-04-27,20:38:09,2011,April
410,2011-04-27 11:21:44,,,,,,,,24000000000.0,0.086,2011-04-27,11:21:44,2011,April
411,2011-04-17 11:21:44,,,,,,,,24000000000.0,0.086,2011-04-17,11:21:44,2011,April
412,2011-04-11 21:43:40,,,,,,,,38000000000.0,0.13,2011-04-11,21:43:40,2011,April
413,2011-04-06 08:30:55,71.1N,43.5W,22.2,12.7,3.3,11.8,-3.5,148000000000.0,0.43,2011-04-06,08:30:55,2011,April
414,2011-03-24 20:23:58,0.6N,127.5W,59.0,,,,,58000000000.0,0.19,2011-03-24,20:23:58,2011,March
415,2011-03-23 04:24:46,,,,,,,,31000000000.0,0.11,2011-03-23,04:24:46,2011,March
416,2011-03-23 04:16:32,16.8S,85.6W,,,,,,22000000000.0,0.079,2011-03-23,04:16:32,2011,March
417,2011-03-01 10:37:54,53.5N,103.9E,30.6,11.9,-6.7,-1.1,-9.8,37000000000.0,0.13,2011-03-01,10:37:54,2011,March
418,2011-02-21 05:07:03,26.3N,43.7E,44.4,18.0,10.3,-14.8,0.1,39000000000.0,0.13,2011-02-21,05:07:03,2011,February
419,2011-02-12 11:00:12,7.8N,95.3W,,,,,,20000000000.0,0.073,2011-02-12,11:00:12,2011,February
420,2011-01-21 15:11:43,18.9N,44.6W,61.0,,,,,72000000000.0,0.23,2011-01-21,15:11:43,2011,January
421,2011-01-08 19:38:44,33.3N,125.8W,48.0,,,,,29000000000.0,0.1,2011-01-08,19:38:44,2011,January
422,2010-12-25 23:24:00,38.0N,158.0E,26.0,18.1,18.0,-2.0,-4.0,20000000000000.0,33.0,2010-12-25,23:24:00,2010,December
423,2010-12-14 00:27:53,4.9S,175.5E,24.0,,,,,39000000000.0,0.13,2010-12-14,00:27:53,2010,December
424,2010-12-09 02:54:07,54.5S,169.7W,66.0,,,,,63000000000.0,0.2,2010-12-09,02:54:07,2010,December
425,2010-12-01 06:31:46,72.5S,144.9E,33.3,,,,,133000000000.0,0.39,2010-12-01,06:31:46,2010,December
426,2010-11-21 14:45:27,1.9N,143.3E,50.0,,,,,81000000000.0,0.25,2010-11-21,14:45:27,2010,November
427,2010-11-19 07:25:56,10.3S,148.8E,30.0,,,,,33000000000.0,0.11,2010-11-19,07:25:56,2010,November
428,2010-11-10 08:26:35,74.5N,77.7W,,,,,,68000000000.0,0.22,2010-11-10,08:26:35,2010,November
429,2010-11-09 13:05:46,56.3S,16.7W,37.0,,,,,86000000000.0,0.27,2010-11-09,13:05:46,2010,November
430,2010-11-09 06:56:52,14.0S,160.0W,26.0,,,,,20000000000.0,0.073,2010-11-09,06:56:52,2010,November
431,2010-10-27 11:27:39,14.1S,67.7E,35.2,,,,,145000000000.0,0.42,2010-10-27,11:27:39,2010,October
432,2010-10-08 09:58:01,,,,,,,,20000000000.0,0.073,2010-10-08,09:58:01,2010,October
433,2010-09-24 12:02:07,67.4S,50.6W,,,,,,50000000000.0,0.16,2010-09-24,12:02:07,2010,September
434,2010-09-18 05:04:41,7.4N,36.7E,,,,,,67000000000.0,0.21,2010-09-18,05:04:41,2010,September
435,2010-09-08 19:51:36,13.9S,65.5W,46.3,,,,,65000000000.0,0.21,2010-09-08,19:51:36,2010,September
436,2010-09-05 23:37:33,25.9S,49.0E,35.2,,,,,683000000000.0,1.7,2010-09-05,23:37:33,2010,September
437,2010-09-03 12:04:58,61.0S,146.7E,33.3,12.3,9.8,-3.5,6.5,1750000000000.0,3.8,2010-09-03,12:04:58,2010,September
438,2010-08-17 04:19:37,20.7N,114.3W,33.3,,,,,21000000000.0,0.076,2010-08-17,04:19:37,2010,August
439,2010-08-12 02:59:36,,,,,,,,28000000000.0,0.098,2010-08-12,02:59:36,2010,August
440,2010-08-05 19:31:48,21.5S,46.6E,,,,,,36000000000.0,0.12,2010-08-05,19:31:48,2010,August
441,2010-07-15 01:49:56,60.9N,178.1W,,,,,,24000000000.0,0.086,2010-07-15,01:49:56,2010,July
442,2010-07-06 23:54:43,34.1S,174.5W,26.0,15.7,12.1,10.0,0.2,7560000000000.0,14.0,2010-07-06,23:54:43,2010,July
443,2010-06-26 06:04:38,0.5S,133.2E,50.0,,,,,113000000000.0,0.34,2010-06-26,06:04:38,2010,June
444,2010-06-21 06:42:00,22.5S,120.9W,,,,,,163000000000.0,0.47,2010-06-21,06:42:00,2010,June
445,2010-06-17 04:24:45,26.1S,100.0E,42.0,,,,,119000000000.0,0.35,2010-06-17,04:24:45,2010,June
446,2010-04-17 02:21:58,13.1N,173.0W,,,,,,56000000000.0,0.18,2010-04-17,02:21:58,2010,April
447,2010-04-16 04:38:52,1.8N,176.9W,22.2,18.8,12.4,-13.2,-5.2,844000000000.0,2.0,2010-04-16,04:38:52,2010,April
448,2010-04-06 18:33:12,52.8N,146.5W,,,,,,80000000000.0,0.25,2010-04-06,18:33:12,2010,April
449,2010-03-18 16:11:16,32.4S,51.8W,,,,,,175000000000.0,0.5,2010-03-18,16:11:16,2010,March
450,2010-03-15 15:55:43,,,,,,,,80000000000.0,0.25,2010-03-15,15:55:43,2010,March
451,2010-03-14 18:44:42,33.8N,90.2W,35.6,,,,,42000000000.0,0.14,2010-03-14,18:44:42,2010,March
452,2010-03-08 22:44:41,18.2N,110.1E,53.0,,,,,30000000000.0,0.1,2010-03-08,22:44:41,2010,March
453,2010-03-08 22:02:07,32.0N,92.9W,52.0,24.5,19.1,11.0,10.7,323000000000.0,0.85,2010-03-08,22:02:07,2010,March
454,2010-02-28 22:24:50,48.7N,21.0E,37.0,15.1,-11.7,2.7,-9.1,153000000000.0,0.44,2010-02-28,22:24:50,2010,February
455,2010-02-26 22:46:13,37.3S,166.0W,,,,,,237000000000.0,0.65,2010-02-26,22:46:13,2010,February
456,2010-02-24 19:55:58,2.6S,102.2W,,,,,,93000000000.0,0.28,2010-02-24,19:55:58,2010,February
457,2010-01-15 19:17:54,8.3S,27.0E,25.0,14.0,-9.1,6.0,8.8,492000000000.0,1.2,2010-01-15,19:17:54,2010,January
458,2009-12-31 16:24:23,,,,,,,,83000000000.0,0.26,2009-12-31,16:24:23,2009,December
459,2009-12-31 12:50:25,37.9N,178.3W,20.7,,,,,102000000000.0,0.31,2009-12-31,12:50:25,2009,December
460,2009-11-25 01:36:20,52.8S,136.5E,,,,,,64000000000.0,0.2,2009-11-25,01:36:20,2009,November
461,2009-11-21 20:53:00,22.0S,29.2E,38.0,32.1,3.0,-17.0,27.0,10000000000000.0,18.0,2009-11-21,20:53:00,2009,November
462,2009-11-18 17:36:07,,,,,,,,85000000000.0,0.26,2009-11-18,17:36:07,2009,November
463,2009-11-18 07:07:19,40.4N,113.2W,31.5,,,,,736000000000.0,1.8,2009-11-18,07:07:19,2009,November
464,2009-11-14 19:58:55,,,,,,,,23000000000.0,0.082,2009-11-14,19:58:55,2009,November
465,2009-11-07 11:31:59,45.5N,157.7W,,,,,,22000000000.0,0.079,2009-11-07,11:31:59,2009,November
466,2009-11-07 10:41:38,24.0N,64.1E,37.0,,,,,42000000000.0,0.14,2009-11-07,10:41:38,2009,November
467,2009-10-11 12:49:51,78.3S,70.2E,27.8,,,,,71000000000.0,0.22,2009-10-11,12:49:51,2009,October
468,2009-10-08 02:57:00,4.2S,120.6E,19.1,19.2,14.0,-16.0,-6.0,20000000000000.0,33.0,2009-10-08,02:57:00,2009,October
469,2009-09-27 22:22:48,36.0S,67.6W,37.0,,,,,89000000000.0,0.27,2009-09-27,22:22:48,2009,September
470,2009-09-18 20:13:56,7.7N,29.5W,,,,,,144000000000.0,0.42,2009-09-18,20:13:56,2009,September
471,2009-09-04 02:23:18,42.5N,110.0E,28.3,24.0,19.2,-11.6,-8.5,965000000000.0,2.3,2009-09-04,02:23:18,2009,September
472,2009-08-23 21:17:19,67.7S,18.3E,34.0,12.2,-6.9,5.3,8.5,280000000000.0,0.75,2009-08-23,21:17:19,2009,August
473,2009-07-31 02:13:19,8.9N,121.9W,,,,,,25000000000.0,0.089,2009-07-31,02:13:19,2009,July
474,2009-07-16 06:39:05,24.4S,59.8W,32.2,,,,,727000000000.0,1.8,2009-07-16,06:39:05,2009,July
475,2009-07-03 04:02:00,,,,,,,,27000000000.0,0.095,2009-07-03,04:02:00,2009,July
476,2009-06-27 13:08:05,26.6S,12.6W,26.1,15.2,-11.6,1.6,9.7,32000000000.0,0.11,2009-06-27,13:08:05,2009,June
477,2009-06-20 11:04:41,,,,,,,,27000000000.0,0.095,2009-06-20,11:04:41,2009,June
478,2009-06-18 04:39:00,23.7S,16.0W,57.4,,,,,33000000000.0,0.11,2009-06-18,04:39:00,2009,June
479,2009-06-09 22:42:28,54.9N,152.7W,34.2,,,,,281000000000.0,0.76,2009-06-09,22:42:28,2009,June
480,2009-05-31 06:05:47,19.7N,121.0W,,,,,,143000000000.0,0.42,2009-05-31,06:05:47,2009,May
481,2009-05-13 20:20:16,,,,,,,,73000000000.0,0.23,2009-05-13,20:20:16,2009,May
482,2009-05-04 11:39:03,36.4N,160.4W,40.7,,,,,140000000000.0,0.41,2009-05-04,11:39:03,2009,May
483,2009-04-20 04:01:39,6.0N,84.3E,,,,,,22000000000.0,0.079,2009-04-20,04:01:39,2009,April
484,2009-04-10 18:42:45,44.7S,25.7E,32.4,19.1,-18.9,2.6,0.3,270000000000.0,0.73,2009-04-10,18:42:45,2009,April
485,2009-03-15 05:44:33,21.7S,98.6W,,,,,,32000000000.0,0.11,2009-03-15,05:44:33,2009,March
486,2009-03-04 00:38:05,,,,,,,,170000000000.0,0.48,2009-03-04,00:38:05,2009,March
487,2009-03-01 09:00:59,,,,,,,,20000000000.0,0.073,2009-03-01,09:00:59,2009,March
488,2009-02-20 12:15:57,64.9S,70.0W,,,,,,50000000000.0,0.16,2009-02-20,12:15:57,2009,February
489,2009-02-07 19:51:32,56.6N,69.8E,40.0,15.4,-2.4,-1.9,-15.1,1600000000000.0,3.5,2009-02-07,19:51:32,2009,February
490,2009-01-12 22:24:56,47.8N,44.3W,,,,,,48000000000.0,0.16,2009-01-12,22:24:56,2009,January
491,2009-01-10 07:42:39,64.0S,122.8E,26.5,,,,,23000000000.0,0.082,2009-01-10,07:42:39,2009,January
492,2008-12-24 15:51:58,68.9S,102.0W,21.1,24.1,-13.4,18.0,8.8,35000000000.0,0.12,2008-12-24,15:51:58,2008,December
493,2008-12-12 11:36:36,7.0S,9.7W,50.0,,,,,216000000000.0,0.6,2008-12-12,11:36:36,2008,December
494,2008-12-09 06:08:16,,,,,,,,34000000000.0,0.12,2008-12-09,06:08:16,2008,December
495,2008-11-24 22:01:19,57.9S,146.1E,34.8,23.7,21.5,10.0,0.4,146000000000.0,0.42,2008-11-24,22:01:19,2008,November
496,2008-11-21 00:26:44,53.1N,109.9W,28.2,12.9,3.9,-4.1,-11.6,142000000000.0,0.41,2008-11-21,00:26:44,2008,November
497,2008-11-18 09:41:51,29.4S,75.9E,35.2,22.4,-4.0,-15.2,-16.0,25000000000.0,0.089,2008-11-18,09:41:51,2008,November
498,2008-11-09 02:38:34,14.5N,112.7E,29.6,,,,,222000000000.0,0.61,2008-11-09,02:38:34,2008,November
499,2008-10-21 02:20:25,32.8N,165.6W,29.6,11.3,9.6,5.8,1.5,46000000000.0,0.15,2008-10-21,02:20:25,2008,October
500,2008-10-10 09:34:18,57.3S,17.0E,21.4,,,,,180000000000.0,0.51,2008-10-10,09:34:18,2008,October
501,2008-10-07 02:45:45,20.9N,31.4E,38.9,13.3,-9.0,9.0,3.8,395000000000.0,1.0,2008-10-07,02:45:45,2008,October
502,2008-09-09 09:49:41,,,,,,,,59000000000.0,0.19,2008-09-09,09:49:41,2008,September
503,2008-08-16 14:40:24,11.3N,97.2E,,,,,,131000000000.0,0.38,2008-08-16,14:40:24,2008,August
504,2008-08-12 11:44:10,11.6S,175.0W,,,,,,20000000000.0,0.073,2008-08-12,11:44:10,2008,August
505,2008-08-07 06:07:10,18.5N,180.0E,45.4,13.8,6.5,-12.1,1.7,41000000000.0,0.14,2008-08-07,06:07:10,2008,August
506,2008-07-23 14:45:25,38.6N,68.0E,31.5,14.5,-7.7,-8.2,-9.1,121000000000.0,0.36,2008-07-23,14:45:25,2008,July
507,2008-07-22 19:34:00,17.8S,89.2W,54.4,,,,,61000000000.0,0.2,2008-07-22,19:34:00,2008,July
508,2008-07-11 14:35:28,,,,,,,,52000000000.0,0.17,2008-07-11,14:35:28,2008,July
509,2008-07-08 15:55:30,72.8N,147.3E,52.2,21.7,-12.9,1.9,-17.4,66000000000.0,0.21,2008-07-08,15:55:30,2008,July
510,2008-07-01 17:40:19,37.1N,115.7W,36.1,9.8,2.8,1.7,-9.2,36000000000.0,0.12,2008-07-01,17:40:19,2008,July
511,2008-06-27 02:01:23,26.9S,17.7W,33.7,23.1,-17.9,13.0,6.6,172000000000.0,0.49,2008-06-27,02:01:23,2008,June
512,2008-06-18 13:45:36,6.1N,103.1E,,,,,,21000000000.0,0.076,2008-06-18,13:45:36,2008,June
513,2008-05-29 21:23:56,15.7N,83.5W,,,,,,21000000000.0,0.076,2008-05-29,21:23:56,2008,May
514,2008-05-24 10:18:10,0.8N,162.0E,37.0,14.2,7.9,3.1,11.4,150000000000.0,0.43,2008-05-24,10:18:10,2008,May
515,2008-05-22 20:50:28,46.9N,134.5E,,,,,,21000000000.0,0.076,2008-05-22,20:50:28,2008,May
516,2008-05-15 11:29:55,28.0N,41.5W,,,,,,80000000000.0,0.25,2008-05-15,11:29:55,2008,May
517,2008-05-06 01:08:56,,,,,,,,57000000000.0,0.18,2008-05-06,01:08:56,2008,May
518,2008-04-30 01:18:38,33.6S,35.1W,,,,,,20000000000.0,0.073,2008-04-30,01:18:38,2008,April
519,2008-04-07 01:22:28,31.8S,58.5W,,,,,,21000000000.0,0.076,2008-04-07,01:22:28,2008,April
520,2008-04-06 16:03:34,,,,,,,,77000000000.0,0.24,2008-04-06,16:03:34,2008,April
521,2008-03-15 11:29:55,28.0N,41.5W,26.7,12.9,-4.1,4.8,-11.2,50000000000.0,0.16,2008-03-15,11:29:55,2008,March
522,2008-02-24 19:33:14,,,,,,,,74000000000.0,0.23,2008-02-24,19:33:14,2008,February
523,2008-02-19 13:30:30,48.9N,119.8W,,,,,,20000000000.0,0.073,2008-02-19,13:30:30,2008,February
524,2008-02-18 08:51:12,,,,,,,,50000000000.0,0.16,2008-02-18,08:51:12,2008,February
525,2008-02-17 12:19:16,74.9N,73.4W,40.4,13.9,-5.8,-10.7,-6.7,110000000000.0,0.33,2008-02-17,12:19:16,2008,February
526,2008-02-16 08:38:39,,,,,,,,71000000000.0,0.22,2008-02-16,08:38:39,2008,February
527,2008-01-18 01:17:39,,,,,,,,44000000000.0,0.15,2008-01-18,01:17:39,2008,January
528,2008-01-09 03:53:15,66.8S,67.3W,31.5,11.6,4.3,5.7,9.1,41000000000.0,0.14,2008-01-09,03:53:15,2008,January
529,2007-12-26 06:46:20,61.6S,158.9W,,,,,,136000000000.0,0.4,2007-12-26,06:46:20,2007,December
530,2007-12-20 17:00:48,51.3N,115.4E,,,,,,122000000000.0,0.36,2007-12-20,17:00:48,2007,December
531,2007-10-25 19:35:38,40.9S,91.3E,46.3,,,,,58000000000.0,0.19,2007-10-25,19:35:38,2007,October
532,2007-10-12 09:14:03,88.5N,116.6E,37.0,18.4,-4.5,-14.1,-10.9,33000000000.0,0.11,2007-10-12,09:14:03,2007,October
533,2007-10-07 13:31:01,35.2S,125.6E,,,,,,58000000000.0,0.19,2007-10-07,13:31:01,2007,October
534,2007-09-22 17:57:12,49.2S,85.5W,30.2,16.9,-9.2,13.6,3.8,237000000000.0,0.65,2007-09-22,17:57:12,2007,September
535,2007-06-11 09:47:05,23.4S,170.9W,35.2,17.0,16.7,-2.1,-2.2,49000000000.0,0.16,2007-06-11,09:47:05,2007,June
536,2007-06-08 13:32:00,52.0S,175.3E,38.9,,,,,235000000000.0,0.65,2007-06-08,13:32:00,2007,June
537,2007-06-07 21:28:12,21.9N,53.1E,29.6,,,,,31000000000.0,0.11,2007-06-07,21:28:12,2007,June
538,2007-05-16 16:20:58,4.5S,111.7E,,,,,,38000000000.0,0.13,2007-05-16,16:20:58,2007,May
539,2007-05-16 04:45:52,42.4S,164.0E,31.5,,,,,400000000000.0,1.0,2007-05-16,04:45:52,2007,May
540,2007-05-04 17:52:39,22.9N,109.4E,48.0,,,,,175000000000.0,0.5,2007-05-04,17:52:39,2007,May
541,2007-04-18 12:44:23,83.7S,171.2W,38.0,24.4,-5.3,-2.5,23.7,112000000000.0,0.33,2007-04-18,12:44:23,2007,April
542,2007-04-16 14:56:51,,,,,,,,24000000000.0,0.086,2007-04-16,14:56:51,2007,April
543,2007-03-17 06:48:35,7.1N,4.1E,32.5,14.5,-7.3,-1.9,-12.4,40000000000.0,0.13,2007-03-17,06:48:35,2007,March
544,2007-03-15 02:20:15,44.1S,148.4W,,,,,,25000000000.0,0.089,2007-03-15,02:20:15,2007,March
545,2007-03-07 15:16:49,,,,,,,,27000000000.0,0.095,2007-03-07,15:16:49,2007,March
546,2007-02-02 12:48:41,24.0N,37.2W,35.5,,,,,340000000000.0,0.89,2007-02-02,12:48:41,2007,February
547,2007-01-26 22:22:21,3.7N,99.7E,,,,,,147000000000.0,0.43,2007-01-26,22:22:21,2007,January
548,2007-01-22 07:24:56,45.4N,53.5E,32.0,13.4,-3.3,-12.8,-1.9,76000000000.0,0.24,2007-01-22,07:24:56,2007,January
549,2007-01-18 13:51:10,5.3N,164.3W,34.1,,,,,32000000000.0,0.11,2007-01-18,13:51:10,2007,January
550,2007-01-17 09:50:46,8.7S,50.8E,33.3,,,,,548000000000.0,1.4,2007-01-17,09:50:46,2007,January
551,2007-01-01 11:43:29,44.4N,116.5E,53.0,,,,,36000000000.0,0.12,2007-01-01,11:43:29,2007,January
552,2006-12-09 06:31:12,26.2N,26.0E,26.5,15.9,4.9,-15.0,1.6,7410000000000.0,14.0,2006-12-09,06:31:12,2006,December
553,2006-12-07 11:42:00,14.0N,140.0W,,,,,,21000000000.0,0.076,2006-12-07,11:42:00,2006,December
554,2006-12-01 06:09:25,13.0S,30.7E,,,,,,63000000000.0,0.2,2006-12-01,06:09:25,2006,December
555,2006-11-13 15:16:34,44.0S,43.3E,,,,,,23000000000.0,0.082,2006-11-13,15:16:34,2006,November
556,2006-10-24 08:42:52,1.9S,2.7W,43.0,,,,,225000000000.0,0.62,2006-10-24,08:42:52,2006,October
557,2006-10-14 18:10:49,49.4N,175.0W,44.4,23.9,4.9,23.4,-1.0,258000000000.0,0.7,2006-10-14,18:10:49,2006,October
558,2006-10-09 04:45:30,47.0S,78.9E,22.2,,,,,41000000000.0,0.14,2006-10-09,04:45:30,2006,October
559,2006-10-07 12:18:53,23.0S,61.8W,40.7,,,,,41000000000.0,0.14,2006-10-07,12:18:53,2006,October
560,2006-10-02 19:10:27,14.0N,53.1E,42.0,,,,,90000000000.0,0.28,2006-10-02,19:10:27,2006,October
561,2006-09-27 08:33:43,32.0S,60.2E,48.1,,,,,107000000000.0,0.32,2006-09-27,08:33:43,2006,September
562,2006-09-23 18:52:58,29.0S,108.0W,,,,,,121000000000.0,0.36,2006-09-23,18:52:58,2006,September
563,2006-09-02 17:57:58,,,,,,,,22000000000.0,0.079,2006-09-02,17:57:58,2006,September
564,2006-09-02 04:26:15,14.0S,109.1E,44.1,14.2,10.0,-9.9,1.5,1230000000000.0,2.8,2006-09-02,04:26:15,2006,September
565,2006-08-29 01:38:36,44.0S,162.0W,40.7,,,,,92000000000.0,0.28,2006-08-29,01:38:36,2006,August
566,2006-08-18 00:03:18,43.0S,33.4E,47.2,,,,,32000000000.0,0.11,2006-08-18,00:03:18,2006,August
567,2006-08-17 10:43:34,11.0S,165.7E,48.2,,,,,256000000000.0,0.7,2006-08-17,10:43:34,2006,August
568,2006-08-15 10:52:24,4.9N,49.6E,32.7,,,,,47000000000.0,0.16,2006-08-15,10:52:24,2006,August
569,2006-08-09 04:30:44,23.1S,53.7E,37.0,,,,,1020000000000.0,2.4,2006-08-09,04:30:44,2006,August
570,2006-07-15 23:55:45,78.3S,5.0W,29.6,12.4,0.1,2.0,12.2,85000000000.0,0.26,2006-07-15,23:55:45,2006,July
571,2006-07-15 15:22:49,31.1N,45.6E,38.9,30.2,9.2,-1.2,-28.7,163000000000.0,0.47,2006-07-15,15:22:49,2006,July
572,2006-06-07 00:06:28,69.2N,22.5E,40.7,19.6,6.1,4.6,-18.0,59000000000.0,0.19,2006-06-07,00:06:28,2006,June
573,2006-05-28 01:32:24,,,,,,,,26000000000.0,0.092,2006-05-28,01:32:24,2006,May
574,2006-05-21 07:51:11,11.6S,25.5W,,,,,,263000000000.0,0.71,2006-05-21,07:51:11,2006,May
575,2006-05-07 17:45:14,,,,,,,,30000000000.0,0.1,2006-05-07,17:45:14,2006,May
576,2006-05-06 15:39:06,60.2S,152.3W,35.2,,,,,128000000000.0,0.38,2006-05-06,15:39:06,2006,May
577,2006-04-25 18:46:53,,,,,,,,20000000000.0,0.073,2006-04-25,18:46:53,2006,April
578,2006-04-08 13:16:23,17.3N,113.2W,33.3,,,,,127000000000.0,0.37,2006-04-08,13:16:23,2006,April
579,2006-04-04 11:30:08,26.6N,26.6W,25.0,,,,,2400000000000.0,5.0,2006-04-04,11:30:08,2006,April
580,2006-03-14 03:21:06,7.0N,64.6W,35.2,,,,,144000000000.0,0.42,2006-03-14,03:21:06,2006,March
581,2006-02-26 07:30:06,,,,,,,,70000000000.0,0.22,2006-02-26,07:30:06,2006,February
582,2006-02-06 01:57:37,54.5S,18.1E,35.2,,,,,1190000000000.0,2.7,2006-02-06,01:57:37,2006,February
583,2006-02-04 08:38:05,36.9N,143.6W,38.9,19.8,-8.8,3.4,-17.4,100000000000.0,0.3,2006-02-04,08:38:05,2006,February
584,2006-01-28 03:33:48,51.7S,56.4E,37.0,18.7,8.4,-16.4,3.2,740000000000.0,1.8,2006-01-28,03:33:48,2006,January
585,2006-01-27 01:27:42,58.7N,74.7E,20.0,,,,,45000000000.0,0.15,2006-01-27,01:27:42,2006,January
586,2006-01-26 00:00:53,79.8S,111.0W,37.0,,,,,53000000000.0,0.17,2006-01-26,00:00:53,2006,January
587,2006-01-10 23:25:28,29.8N,12.7W,32.4,16.9,-9.9,-6.3,-12.2,28000000000.0,0.098,2006-01-10,23:25:28,2006,January
588,2006-01-08 05:20:19,7.6N,28.2W,,,,,,94000000000.0,0.29,2006-01-08,05:20:19,2006,January
589,2005-12-29 10:05:35,3.0S,154.9W,42.2,20.7,18.6,8.5,3.2,190000000000.0,0.53,2005-12-29,10:05:35,2005,December
590,2005-12-24 15:30:26,54.0S,17.3E,66.0,,,,,181000000000.0,0.51,2005-12-24,15:30:26,2005,December
591,2005-12-03 12:45:49,33.8S,117.4E,32.2,17.0,-12.1,-9.6,7.2,88000000000.0,0.27,2005-12-03,12:45:49,2005,December
592,2005-12-01 10:40:20,6.4S,155.8W,,,,,,32000000000.0,0.11,2005-12-01,10:40:20,2005,December
593,2005-11-29 07:33:16,7.6N,58.2W,59.3,,,,,32000000000.0,0.11,2005-11-29,07:33:16,2005,November
594,2005-11-15 05:19:07,26.3N,113.4W,32.4,,,,,25000000000.0,0.089,2005-11-15,05:19:07,2005,November
595,2005-11-11 20:34:23,21.4N,134.1W,29.6,,,,,42000000000.0,0.14,2005-11-11,20:34:23,2005,November
596,2005-11-09 07:33:08,31.0S,145.9E,30.7,13.8,13.5,-2.7,-0.7,73000000000.0,0.23,2005-11-09,07:33:08,2005,November
597,2005-11-02 07:04:32,33.9N,154.9W,68.5,,,,,32000000000.0,0.11,2005-11-02,07:04:32,2005,November
598,2005-11-02 05:16:47,22.9N,123.8W,74.0,,,,,67000000000.0,0.21,2005-11-02,05:16:47,2005,November
599,2005-10-26 21:30:47,36.3S,80.5W,16.7,,,,,138000000000.0,0.4,2005-10-26,21:30:47,2005,October
600,2005-09-30 19:04:06,2.8S,84.1W,53.0,,,,,22000000000.0,0.079,2005-09-30,19:04:06,2005,September
601,2005-09-14 01:08:52,11.6N,27.3E,33.3,,,,,25000000000.0,0.089,2005-09-14,01:08:52,2005,September
602,2005-09-02 07:59:47,13.5N,73.1E,,,,,,82000000000.0,0.25,2005-09-02,07:59:47,2005,September
603,2005-08-20 12:10:24,,,,,,,,27000000000.0,0.095,2005-08-20,12:10:24,2005,August
604,2005-08-09 14:35:45,21.5S,56.2E,37.0,16.9,-16.3,4.3,1.4,25000000000.0,0.089,2005-08-09,14:35:45,2005,August
605,2005-07-01 22:36:15,49.8S,33.1E,50.0,,,,,31000000000.0,0.11,2005-07-01,22:36:15,2005,July
606,2005-06-18 19:40:41,47.9N,85.6E,,,,,,23000000000.0,0.082,2005-06-18,19:40:41,2005,June
607,2005-06-05 01:56:09,34.8N,90.9E,,,,,,41000000000.0,0.14,2005-06-05,01:56:09,2005,June
608,2005-06-03 08:15:41,31.0S,90.3W,29.6,26.2,-1.5,25.3,6.7,82000000000.0,0.25,2005-06-03,08:15:41,2005,June
609,2005-05-27 14:12:13,48.9S,145.1E,50.5,,,,,20000000000.0,0.073,2005-05-27,14:12:13,2005,May
610,2005-05-14 13:02:53,,,,,,,,129000000000.0,0.38,2005-05-14,13:02:53,2005,May
611,2005-05-07 09:31:44,75.8S,163.7E,15.2,16.6,9.6,-9.7,9.4,26000000000.0,0.092,2005-05-07,09:31:44,2005,May
612,2005-05-02 20:10:36,17.7N,36.0E,,,,,,46000000000.0,0.15,2005-05-02,20:10:36,2005,May
613,2005-04-22 11:18:05,20.9N,36.7W,37.0,,,,,22000000000.0,0.079,2005-04-22,11:18:05,2005,April
614,2005-04-19 07:37:47,50.2S,146.4W,38.5,16.8,9.3,13.8,2.5,232000000000.0,0.64,2005-04-19,07:37:47,2005,April
615,2005-04-16 10:40:38,,,,,,,,20000000000.0,0.073,2005-04-16,10:40:38,2005,April
616,2005-04-15 06:54:59,43.8S,73.9W,39.0,,,,,21000000000.0,0.076,2005-04-15,06:54:59,2005,April
617,2005-04-14 14:05:22,4.9N,176.0W,26.5,,,,,71000000000.0,0.22,2005-04-14,14:05:22,2005,April
618,2005-04-11 05:20:29,34.2S,95.7W,37.0,,,,,106000000000.0,0.32,2005-04-11,05:20:29,2005,April
619,2005-04-06 01:30:24,42.7S,154.6E,70.0,,,,,29000000000.0,0.1,2005-04-06,01:30:24,2005,April
620,2005-04-05 17:48:07,,,,,,,,35000000000.0,0.12,2005-04-05,17:48:07,2005,April
621,2005-04-03 01:45:29,1.0S,112.4E,59.2,,,,,219000000000.0,0.61,2005-04-03,01:45:29,2005,April
622,2005-04-02 22:52:25,14.1N,169.7E,27.2,,,,,204000000000.0,0.57,2005-04-02,22:52:25,2005,April
623,2005-03-31 22:15:55,42.8N,36.2W,,,,,,38000000000.0,0.13,2005-03-31,22:15:55,2005,March
624,2005-03-18 16:48:32,9.7S,34.7W,33.0,,,,,27000000000.0,0.095,2005-03-18,16:48:32,2005,March
625,2005-03-12 22:16:31,,,,,,,,22000000000.0,0.079,2005-03-12,22:16:31,2005,March
626,2005-03-09 15:47:36,21.4S,157.9W,44.4,,,,,53000000000.0,0.17,2005-03-09,15:47:36,2005,March
627,2005-03-09 12:49:08,14.3N,142.7E,30.7,,,,,40000000000.0,0.13,2005-03-09,12:49:08,2005,March
628,2005-03-06 17:32:51,,,,,,,,55000000000.0,0.18,2005-03-06,17:32:51,2005,March
629,2005-02-22 22:51:06,,,,,,,,41000000000.0,0.14,2005-02-22,22:51:06,2005,February
630,2005-02-17 22:52:36,48.0N,161.5W,42.5,,,,,100000000000.0,0.3,2005-02-17,22:52:36,2005,February
631,2005-01-19 01:43:14,27.5S,164.9W,40.7,,,,,141000000000.0,0.41,2005-01-19,01:43:14,2005,January
632,2005-01-02 23:09:51,21.3S,154.7E,35.2,21.5,20.2,-3.3,6.6,119000000000.0,0.35,2005-01-02,23:09:51,2005,January
633,2005-01-01 03:44:09,32.7N,12.4E,31.8,,,,,454000000000.0,1.2,2005-01-01,03:44:09,2005,January
634,2004-12-29 07:11:45,8.5S,171.8E,,,,,,90000000000.0,0.28,2004-12-29,07:11:45,2004,December
635,2004-12-13 11:35:55,9.7S,155.3E,,,,,,39000000000.0,0.13,2004-12-13,11:35:55,2004,December
636,2004-12-11 15:36:51,36.0N,104.1E,,,,,,30000000000.0,0.1,2004-12-11,15:36:51,2004,December
637,2004-11-30 08:32:53,61.0N,171.0W,,,,,,181000000000.0,0.51,2004-11-30,08:32:53,2004,November
638,2004-11-17 03:13:04,,,,,,,,186000000000.0,0.52,2004-11-17,03:13:04,2004,November
639,2004-10-14 11:41:01,,,,,,,,93000000000.0,0.28,2004-10-14,11:41:01,2004,October
640,2004-10-10 11:05:28,,,,,,,,30000000000.0,0.1,2004-10-10,11:05:28,2004,October
641,2004-10-07 13:14:43,27.3S,71.5E,35.0,19.2,-15.3,1.0,11.6,10400000000000.0,18.0,2004-10-07,13:14:43,2004,October
642,2004-10-04 04:39:52,3.7N,150.9W,,,,,,71000000000.0,0.22,2004-10-04,04:39:52,2004,October
643,2004-09-28 08:57:28,0.2N,101.1W,,,,,,62000000000.0,0.2,2004-09-28,08:57:28,2004,September
644,2004-09-03 12:07:22,67.7S,18.2E,31.5,,,,,7260000000000.0,13.0,2004-09-03,12:07:22,2004,September
645,2004-08-22 10:01:33,51.9S,22.7E,37.0,,,,,1440000000000.0,3.2,2004-08-22,10:01:33,2004,August
646,2004-07-29 12:41:45,,,,,,,,25000000000.0,0.089,2004-07-29,12:41:45,2004,July
647,2004-07-25 05:29:13,,,,,,,,197000000000.0,0.55,2004-07-25,05:29:13,2004,July
648,2004-07-22 03:34:31,,,,,,,,35000000000.0,0.12,2004-07-22,03:34:31,2004,July
649,2004-07-16 00:11:01,,,,,,,,29000000000.0,0.1,2004-07-16,00:11:01,2004,July
650,2004-07-04 16:58:04,,,,,,,,79000000000.0,0.25,2004-07-04,16:58:04,2004,July
651,2004-07-03 20:47:22,,,,,,,,65000000000.0,0.21,2004-07-03,20:47:22,2004,July
652,2004-06-12 07:13:56,21.7N,175.3E,,,,,,104000000000.0,0.31,2004-06-12,07:13:56,2004,June
653,2004-06-11 15:41:40,,,,,,,,104000000000.0,0.31,2004-06-11,15:41:40,2004,June
654,2004-06-05 20:34:10,1.3N,174.4W,43.0,19.5,9.4,17.0,-1.5,1810000000000.0,3.9,2004-06-05,20:34:10,2004,June
655,2004-06-04 13:41:38,,,,,,,,339000000000.0,0.89,2004-06-04,13:41:38,2004,June
656,2004-06-03 21:59:15,,,,,,,,47000000000.0,0.16,2004-06-03,21:59:15,2004,June
657,2004-06-03 09:40:12,48.9N,120.4W,,,,,,54000000000.0,0.18,2004-06-03,09:40:12,2004,June
658,2004-05-18 11:12:12,28.1S,47.4W,,,,,,394000000000.0,1.0,2004-05-18,11:12:12,2004,May
659,2004-05-17 02:08:27,18.9S,28.3E,44.0,,,,,55000000000.0,0.18,2004-05-17,02:08:27,2004,May
660,2004-05-06 02:22:49,,,,,,,,49000000000.0,0.16,2004-05-06,02:22:49,2004,May
661,2004-04-23 00:33:41,,,,,,,,56000000000.0,0.18,2004-04-23,00:33:41,2004,April
662,2004-04-22 21:19:55,15.2S,55.1E,,,,,,139000000000.0,0.41,2004-04-22,21:19:55,2004,April
663,2004-04-22 04:21:49,44.3S,83.3E,29.6,16.3,8.5,-12.1,-6.8,624000000000.0,1.5,2004-04-22,04:21:49,2004,April
664,2004-04-06 03:24:49,12.0S,162.8E,35.0,25.6,10.5,-23.2,-2.9,433000000000.0,1.1,2004-04-06,03:24:49,2004,April
665,2004-03-26 16:35:45,7.6S,155.1E,46.0,,,,,24000000000.0,0.086,2004-03-26,16:35:45,2004,March
666,2004-03-25 09:39:26,4.8S,21.0E,,,,,,21000000000.0,0.076,2004-03-25,09:39:26,2004,March
667,2004-02-27 01:18:54,,,,,,,,60000000000.0,0.19,2004-02-27,01:18:54,2004,February
668,2004-02-02 18:52:20,18.3S,52.3E,,,,,,30000000000.0,0.1,2004-02-02,18:52:20,2004,February
669,2004-01-22 01:06:43,50.6S,157.8E,37.0,,,,,232000000000.0,0.64,2004-01-22,01:06:43,2004,January
670,2004-01-17 20:11:02,,,,,,,,28000000000.0,0.098,2004-01-17,20:11:02,2004,January
671,2004-01-16 11:17:06,,,,,,,,98000000000.0,0.3,2004-01-16,11:17:06,2004,January
672,2004-01-02 04:27:59,28.2S,3.2E,63.0,,,,,134000000000.0,0.39,2004-01-02,04:27:59,2004,January
673,2003-12-09 22:36:23,67.1S,90.8W,,,,,,643000000000.0,1.6,2003-12-09,22:36:23,2003,December
674,2003-11-26 02:00:04,22.9S,22.7E,32.0,,,,,35000000000.0,0.12,2003-11-26,02:00:04,2003,November
675,2003-11-10 13:54:06,64.5S,136.2E,23.0,20.1,14.8,-8.7,10.4,518000000000.0,1.3,2003-11-10,13:54:06,2003,November
676,2003-11-01 14:09:30,51.4S,151.7E,,,,,,73000000000.0,0.23,2003-11-01,14:09:30,2003,November
677,2003-10-16 00:47:28,,,,,,,,285000000000.0,0.77,2003-10-16,00:47:28,2003,October
678,2003-10-13 14:06:59,,,,,,,,30000000000.0,0.1,2003-10-13,14:06:59,2003,October
679,2003-10-07 00:23:56,,,,,,,,37000000000.0,0.13,2003-10-07,00:23:56,2003,October
680,2003-09-27 12:59:02,21.0N,86.6E,26.0,18.2,-1.0,-5.4,-17.3,2150000000000.0,4.6,2003-09-27,12:59:02,2003,September
681,2003-09-22 03:45:43,,,,,,,,33000000000.0,0.11,2003-09-22,03:45:43,2003,September
682,2003-09-21 07:40:00,,,,,,,,20000000000.0,0.073,2003-09-21,07:40:00,2003,September
683,2003-09-20 19:04:01,,,,,,,,30000000000.0,0.1,2003-09-20,19:04:01,2003,September
684,2003-09-02 20:00:46,51.3N,161.0W,,,,,,385000000000.0,1.0,2003-09-02,20:00:46,2003,September
685,2003-08-26 22:08:45,,,,,,,,72000000000.0,0.23,2003-08-26,22:08:45,2003,August
686,2003-08-26 08:44:07,,,,,,,,249000000000.0,0.68,2003-08-26,08:44:07,2003,August
687,2003-08-17 13:16:07,39.0S,34.0E,,,,,,647000000000.0,1.6,2003-08-17,13:16:07,2003,August
688,2003-08-01 04:09:32,,,,,,,,21000000000.0,0.076,2003-08-01,04:09:32,2003,August
689,2003-07-21 05:11:28,,,,,,,,58000000000.0,0.19,2003-07-21,05:11:28,2003,July
690,2003-06-22 22:53:28,,,,,,,,21000000000.0,0.076,2003-06-22,22:53:28,2003,June
691,2003-06-21 14:49:57,,,,,,,,38000000000.0,0.13,2003-06-21,14:49:57,2003,June
692,2003-06-16 17:17:19,,,,,,,,65000000000.0,0.21,2003-06-16,17:17:19,2003,June
693,2003-06-10 14:11:07,41.8S,122.9E,,,,,,32000000000.0,0.11,2003-06-10,14:11:07,2003,June
694,2003-05-27 23:32:32,5.2N,166.2E,,,,,,68000000000.0,0.22,2003-05-27,23:32:32,2003,May
695,2003-05-19 03:38:12,,,,,,,,521000000000.0,1.3,2003-05-19,03:38:12,2003,May
696,2003-05-18 07:51:40,,,,,,,,21000000000.0,0.076,2003-05-18,07:51:40,2003,May
697,2003-05-15 06:28:32,54.0N,80.4W,,,,,,43000000000.0,0.14,2003-05-15,06:28:32,2003,May
698,2003-04-28 13:06:46,,,,,,,,23000000000.0,0.082,2003-04-28,13:06:46,2003,April
699,2003-04-13 17:58:41,14.8N,64.5E,17.0,,,,,175000000000.0,0.5,2003-04-13,17:58:41,2003,April
700,2003-04-07 09:25:28,18.4S,162.6E,,,,,,22000000000.0,0.079,2003-04-07,09:25:28,2003,April
701,2003-04-01 04:40:55,,,,,,,,31000000000.0,0.11,2003-04-01,04:40:55,2003,April
702,2003-03-27 05:50:26,41.4N,87.7W,45.0,,,,,142000000000.0,0.41,2003-03-27,05:50:26,2003,March
703,2003-02-25 23:13:28,40.0N,116.0E,,,,,,33000000000.0,0.11,2003-02-25,23:13:28,2003,February
704,2003-02-12 23:45:57,,,,,,,,79000000000.0,0.25,2003-02-12,23:45:57,2003,February
705,2003-02-12 02:37:54,31.5S,107.5E,,,,,,120000000000.0,0.36,2003-02-12,02:37:54,2003,February
706,2003-02-06 17:00:19,62.9S,113.9W,,,,,,197000000000.0,0.55,2003-02-06,17:00:19,2003,February
707,2003-02-05 06:16:27,,,,,,,,103000000000.0,0.31,2003-02-05,06:16:27,2003,February
708,2003-02-04 14:07:08,59.9S,41.0E,,,,,,135000000000.0,0.4,2003-02-04,14:07:08,2003,February
709,2003-01-30 06:02:59,,,,,,,,107000000000.0,0.32,2003-01-30,06:02:59,2003,January
710,2002-11-28 15:41:53,,,,,,,,46000000000.0,0.15,2002-11-28,15:41:53,2002,November
711,2002-11-21 00:11:17,1.4S,154.0W,,,,,,240000000000.0,0.66,2002-11-21,00:11:17,2002,November
712,2002-11-12 21:49:56,21.1S,6.8W,,,,,,43000000000.0,0.14,2002-11-12,21:49:56,2002,November
713,2002-11-10 22:13:54,16.0N,166.0W,,,,,,460000000000.0,1.2,2002-11-10,22:13:54,2002,November
714,2002-10-09 12:00:35,4.3S,175.9W,,,,,,49000000000.0,0.16,2002-10-09,12:00:35,2002,October
715,2002-10-04 10:08:01,,,,,,,,117000000000.0,0.35,2002-10-04,10:08:01,2002,October
716,2002-09-24 16:48:57,57.9N,112.9E,,,,,,860000000000.0,2.0,2002-09-24,16:48:57,2002,September
717,2002-08-14 07:48:32,6.9S,126.2W,,,,,,90000000000.0,0.28,2002-08-14,07:48:32,2002,August
718,2002-08-11 20:42:53,18.2S,159.4E,,,,,,1510000000000.0,3.3,2002-08-11,20:42:53,2002,August
719,2002-08-10 18:01:51,,,,,,,,25000000000.0,0.089,2002-08-10,18:01:51,2002,August
720,2002-07-25 15:57:32,28.7S,47.0E,,,,,,230000000000.0,0.63,2002-07-25,15:57:32,2002,July
721,2002-07-22 11:16:02,34.0N,106.1E,,,,,,53000000000.0,0.17,2002-07-22,11:16:02,2002,July
722,2002-06-29 16:31:55,,,,,,,,159000000000.0,0.46,2002-06-29,16:31:55,2002,June
723,2002-06-15 11:51:18,,,,,,,,29000000000.0,0.1,2002-06-15,11:51:18,2002,June
724,2002-06-13 15:29:38,24.9S,111.4E,,,,,,191000000000.0,0.54,2002-06-13,15:29:38,2002,June
725,2002-06-02 04:28:20,34.0N,21.0E,,,,,,4500000000000.0,8.8,2002-06-02,04:28:20,2002,June
726,2002-04-03 19:10:21,5.3S,27.1E,,,,,,182000000000.0,0.51,2002-04-03,19:10:21,2002,April
727,2002-04-02 02:36:28,,,,,,,,32000000000.0,0.11,2002-04-02,02:36:28,2002,April
728,2002-03-28 21:29:56,,,,,,,,27000000000.0,0.095,2002-03-28,21:29:56,2002,March
729,2002-03-19 05:56:10,,,,,,,,83000000000.0,0.26,2002-03-19,05:56:10,2002,March
730,2002-03-19 02:56:52,,,,,,,,53000000000.0,0.17,2002-03-19,02:56:52,2002,March
731,2002-03-18 14:44:57,60.4S,120.5W,,,,,,20000000000.0,0.073,2002-03-18,14:44:57,2002,March
732,2002-03-09 01:20:24,6.9N,147.3W,,,,,,249000000000.0,0.68,2002-03-09,01:20:24,2002,March
733,2002-03-03 21:10:55,37.5N,154.0E,,,,,,82000000000.0,0.25,2002-03-03,21:10:55,2002,March
734,2002-03-01 03:53:59,29.2N,66.8W,,,,,,38000000000.0,0.13,2002-03-01,03:53:59,2002,March
735,2002-02-09 19:50:26,17.7S,138.7E,,,,,,70000000000.0,0.22,2002-02-09,19:50:26,2002,February
736,2002-02-01 19:07:54,60.7N,116.6E,,,,,,70000000000.0,0.22,2002-02-01,19:07:54,2002,February
737,2002-01-20 16:42:04,48.4N,165.0W,,,,,,104000000000.0,0.31,2002-01-20,16:42:04,2002,January
738,2002-01-03 12:19:37,,,,,,,,123000000000.0,0.36,2002-01-03,12:19:37,2002,January
739,2001-12-14 17:58:04,,,,,,,,151000000000.0,0.44,2001-12-14,17:58:04,2001,December
740,2001-12-12 16:56:13,,,,,,,,98000000000.0,0.3,2001-12-12,16:56:13,2001,December
741,2001-11-26 06:51:52,,,,,,,,192000000000.0,0.54,2001-11-26,06:51:52,2001,November
742,2001-11-13 10:58:48,,,,,,,,312000000000.0,0.83,2001-11-13,10:58:48,2001,November
743,2001-11-11 12:14:02,,,,,,,,130000000000.0,0.38,2001-11-11,12:14:02,2001,November
744,2001-10-27 19:20:12,52.7N,3.8E,,,,,,36000000000.0,0.12,2001-10-27,19:20:12,2001,October
745,2001-10-14 12:03:11,,,,,,,,89000000000.0,0.27,2001-10-14,12:03:11,2001,October
746,2001-10-12 03:11:53,,,,,,,,62000000000.0,0.2,2001-10-12,03:11:53,2001,October
747,2001-10-06 06:29:38,,,,,,,,158000000000.0,0.45,2001-10-06,06:29:38,2001,October
748,2001-09-25 11:54:06,,,,,,,,42000000000.0,0.14,2001-09-25,11:54:06,2001,September
749,2001-08-26 16:08:52,,,,,,,,38000000000.0,0.13,2001-08-26,16:08:52,2001,August
750,2001-08-18 13:57:43,,,,,,,,40000000000.0,0.13,2001-08-18,13:57:43,2001,August
751,2001-07-26 21:20:19,0.4N,84.8E,,,,,,326000000000.0,0.86,2001-07-26,21:20:19,2001,July
752,2001-07-23 22:19:11,41.0N,77.0W,,,,,,1240000000000.0,2.8,2001-07-23,22:19:11,2001,July
753,2001-05-06 04:30:29,,,,,,,,50000000000.0,0.16,2001-05-06,04:30:29,2001,May
754,2001-04-27 09:46:18,,,,,,,,130000000000.0,0.38,2001-04-27,09:46:18,2001,April
755,2001-04-23 06:12:35,28.0N,133.6W,29.0,,,,,4600000000000.0,9.0,2001-04-23,06:12:35,2001,April
756,2001-04-14 06:40:36,,,,,,,,24000000000.0,0.086,2001-04-14,06:40:36,2001,April
757,2001-04-13 00:29:57,15.3S,162.4E,,,,,,251000000000.0,0.68,2001-04-13,00:29:57,2001,April
758,2001-02-09 21:27:55,,,,,,,,108000000000.0,0.32,2001-02-09,21:27:55,2001,February
759,2001-02-04 05:53:38,64.0S,97.3E,,,,,,151000000000.0,0.44,2001-02-04,05:53:38,2001,February
760,2001-01-28 16:19:18,66.0N,31.3E,,,,,,108000000000.0,0.32,2001-01-28,16:19:18,2001,January
761,2000-12-15 13:22:59,41.3N,95.2E,,,,,,262000000000.0,0.71,2000-12-15,13:22:59,2000,December
762,2000-12-15 03:46:27,50.4N,58.9E,,,,,,27000000000.0,0.095,2000-12-15,03:46:27,2000,December
763,2000-11-28 12:20:13,,,,,,,,119000000000.0,0.35,2000-11-28,12:20:13,2000,November
764,2000-11-13 00:28:01,13.6S,5.8W,,,,,,66000000000.0,0.21,2000-11-13,00:28:01,2000,November
765,2000-11-06 07:18:57,52.0S,22.2W,,,,,,69000000000.0,0.22,2000-11-06,07:18:57,2000,November
766,2000-10-11 23:29:55,31.7S,5.5W,,,,,,81000000000.0,0.25,2000-10-11,23:29:55,2000,October
767,2000-09-24 06:57:19,,,,,,,,27000000000.0,0.095,2000-09-24,06:57:19,2000,September
768,2000-09-23 04:00:45,58.5S,142.6E,,,,,,22000000000.0,0.079,2000-09-23,04:00:45,2000,September
769,2000-09-19 22:12:38,3.2S,133.8W,,,,,,89000000000.0,0.27,2000-09-19,22:12:38,2000,September
770,2000-08-25 01:12:25,14.5N,106.1W,,,,,,1385000000000.0,3.1,2000-08-25,01:12:25,2000,August
771,2000-08-13 03:00:32,36.7N,127.8W,,,,,,65000000000.0,0.21,2000-08-13,03:00:32,2000,August
772,2000-08-01 16:48:27,50.2S,101.9W,,,,,,182000000000.0,0.51,2000-08-01,16:48:27,2000,August
773,2000-07-31 07:06:34,15.7N,138.5W,,,,,,38000000000.0,0.13,2000-07-31,07:06:34,2000,July
774,2000-07-19 17:40:25,17.7S,94.1E,,,,,,107000000000.0,0.32,2000-07-19,17:40:25,2000,July
775,2000-07-15 16:13:29,46.6S,163.3E,,,,,,21000000000.0,0.076,2000-07-15,16:13:29,2000,July
776,2000-07-09 01:08:45,,,,,,,,121000000000.0,0.36,2000-07-09,01:08:45,2000,July
777,2000-07-07 01:34:20,15.0N,140.7E,,,,,,65000000000.0,0.21,2000-07-07,01:34:20,2000,July
778,2000-06-27 10:06:51,34.9N,36.8E,,,,,,27000000000.0,0.095,2000-06-27,10:06:51,2000,June
779,2000-06-23 09:03:42,69.2N,44.0W,,,,,,20000000000.0,0.073,2000-06-23,09:03:42,2000,June
780,2000-06-22 20:02:11,32.9N,159.0E,,,,,,30000000000.0,0.1,2000-06-22,20:02:11,2000,June
781,2000-06-18 13:40:02,,,,,,,,133000000000.0,0.39,2000-06-18,13:40:02,2000,June
782,2000-06-14 16:39:18,28.1N,107.3E,48.0,,,,,145000000000.0,0.42,2000-06-14,16:39:18,2000,June
783,2000-06-04 03:17:39,,,,,,,,190000000000.0,0.53,2000-06-04,03:17:39,2000,June
784,2000-06-03 03:24:49,36.8N,74.8W,,,,,,30000000000.0,0.1,2000-06-03,03:24:49,2000,June
785,2000-06-02 18:44:16,27.5S,18.9W,,,,,,30000000000.0,0.1,2000-06-02,18:44:16,2000,June
786,2000-05-29 16:46:28,,,,,,,,60000000000.0,0.19,2000-05-29,16:46:28,2000,May
787,2000-05-06 11:51:52,49.9N,18.4E,,,,,,28000000000.0,0.098,2000-05-06,11:51:52,2000,May
788,2000-05-03 10:40:09,5.0S,73.0E,,,,,,59000000000.0,0.19,2000-05-03,10:40:09,2000,May
789,2000-04-21 13:42:20,,,,,,,,86000000000.0,0.27,2000-04-21,13:42:20,2000,April
790,2000-04-04 13:38:15,,,,,,,,23000000000.0,0.082,2000-04-04,13:38:15,2000,April
791,2000-03-28 15:27:17,1.0N,98.3E,,,,,,63000000000.0,0.2,2000-03-28,15:27:17,2000,March
792,2000-03-19 05:11:50,,,,,,,,49000000000.0,0.16,2000-03-19,05:11:50,2000,March
793,2000-03-06 08:29:18,58.0N,175.0E,,,,,,960000000000.0,2.2,2000-03-06,08:29:18,2000,March
794,2000-02-18 09:25:59,0.9S,109.2E,,,,,,3620000000000.0,7.3,2000-02-18,09:25:59,2000,February
795,2000-02-17 14:22:07,14.2N,115.9E,,,,,,22000000000.0,0.079,2000-02-17,14:22:07,2000,February
796,2000-01-18 16:43:42,60.3N,134.6W,,,,,,1050000000000.0,2.4,2000-01-18,16:43:42,2000,January
797,2000-01-18 08:33:58,24.3N,94.9W,,,,,,35000000000.0,0.12,2000-01-18,08:33:58,2000,January
798,1999-12-16 00:07:22,26.5S,11.3W,,,,,,67000000000.0,0.21,1999-12-16,00:07:22,1999,December
799,1999-12-11 17:31:52,,,,,,,,273000000000.0,0.74,1999-12-11,17:31:52,1999,December
800,1999-12-10 18:56:50,,,,,,,,28000000000.0,0.098,1999-12-10,18:56:50,1999,December
801,1999-12-03 17:24:45,,,,,,,,42000000000.0,0.14,1999-12-03,17:24:45,1999,December
802,1999-12-01 19:38:15,,,,,,,,23000000000.0,0.082,1999-12-01,19:38:15,1999,December
803,1999-11-30 02:18:53,,,,,,,,45000000000.0,0.15,1999-11-30,02:18:53,1999,November
804,1999-11-15 20:01:28,8.1S,75.4E,,,,,,74000000000.0,0.23,1999-11-15,20:01:28,1999,November
805,1999-11-07 17:53:06,2.3S,77.4W,,,,,,89000000000.0,0.27,1999-11-07,17:53:06,1999,November
806,1999-10-26 17:19:42,13.7N,70.8W,,,,,,86000000000.0,0.27,1999-10-26,17:19:42,1999,October
807,1999-09-08 23:55:35,22.4N,0.2E,,,,,,28000000000.0,0.098,1999-09-08,23:55:35,1999,September
808,1999-09-08 14:41:53,32.5N,104.6E,32.0,,,,,90000000000.0,0.28,1999-09-08,14:41:53,1999,September
809,1999-08-16 05:18:20,35.0N,107.2W,,,,,,36000000000.0,0.12,1999-08-16,05:18:20,1999,August
810,1999-08-06 03:22:37,,,,,,,,68000000000.0,0.22,1999-08-06,03:22:37,1999,August
811,1999-08-03 18:25:49,64.7S,18.8W,,,,,,356000000000.0,0.93,1999-08-03,18:25:49,1999,August
812,1999-07-10 08:11:42,37.8S,39.6E,52.0,,,,,326000000000.0,0.86,1999-07-10,08:11:42,1999,July
813,1999-07-07 04:14:41,39.5S,174.4E,,,,,,140000000000.0,0.41,1999-07-07,04:14:41,1999,July
814,1999-06-25 06:27:41,50.0N,121.0E,69.0,,,,,124000000000.0,0.37,1999-06-25,06:27:41,1999,June
815,1999-05-23 07:02:10,16.4S,116.3W,,,,,,26000000000.0,0.092,1999-05-23,07:02:10,1999,May
816,1999-04-26 11:33:06,22.5S,6.5E,,,,,,92000000000.0,0.28,1999-04-26,11:33:06,1999,April
817,1999-04-26 09:49:26,32.8S,159.1E,,,,,,33000000000.0,0.11,1999-04-26,09:49:26,1999,April
818,1999-03-31 23:54:35,17.9S,22.6E,,,,,,234000000000.0,0.64,1999-03-31,23:54:35,1999,March
819,1999-03-28 15:37:01,0.8N,97.6E,,,,,,304000000000.0,0.81,1999-03-28,15:37:01,1999,March
820,1999-03-02 22:23:25,18.9N,50.5E,,,,,,59000000000.0,0.19,1999-03-02,22:23:25,1999,March
821,1999-02-18 23:15:25,54.9S,64.6W,,,,,,154000000000.0,0.44,1999-02-18,23:15:25,1999,February
822,1999-02-01 14:24:09,80.0N,154.2E,,,,,,28000000000.0,0.098,1999-02-01,14:24:09,1999,February
823,1999-01-19 02:32:21,7.9N,85.8E,,,,,,24000000000.0,0.086,1999-01-19,02:32:21,1999,January
824,1999-01-14 08:06:05,44.0S,129.7W,32.0,,,,,5060000000000.0,9.8,1999-01-14,08:06:05,1999,January
825,1999-01-12 19:24:52,,,,,,,,43000000000.0,0.14,1999-01-12,19:24:52,1999,January
826,1999-01-11 05:18:17,,,,,,,,24000000000.0,0.086,1999-01-11,05:18:17,1999,January
827,1999-01-02 18:25:51,47.0N,103.0E,65.0,,,,,35000000000.0,0.12,1999-01-02,18:25:51,1999,January
828,1998-12-22 09:24:00,,,,,,,,27000000000.0,0.095,1998-12-22,09:24:00,1998,December
829,1998-11-23 20:20:14,82.3N,160.1E,,,,,,25000000000.0,0.089,1998-11-23,20:20:14,1998,November
830,1998-11-11 16:46:18,6.5N,156.4E,,,,,,656000000000.0,1.6,1998-11-11,16:46:18,1998,November
831,1998-10-03 12:58:50,,,,,,,,32000000000.0,0.11,1998-10-03,12:58:50,1998,October
832,1998-09-04 09:16:11,,,,,,,,128000000000.0,0.38,1998-09-04,09:16:11,1998,September
833,1998-09-01 11:15:04,34.6N,23.6E,,,,,,24000000000.0,0.086,1998-09-01,11:15:04,1998,September
834,1998-08-30 00:20:12,,,,,,,,41000000000.0,0.14,1998-08-30,00:20:12,1998,August
835,1998-08-08 12:55:22,,,,,,,,23000000000.0,0.082,1998-08-08,12:55:22,1998,August
836,1998-07-28 14:16:53,,,,,,,,63000000000.0,0.2,1998-07-28,14:16:53,1998,July
837,1998-03-24 09:08:14,,,,,,,,27000000000.0,0.095,1998-03-24,09:08:14,1998,March
838,1998-03-22 22:25:37,1.4N,26.6E,,,,,,140000000000.0,0.41,1998-03-22,22:25:37,1998,March
839,1998-01-08 16:10:21,,,,,,,,62000000000.0,0.2,1998-01-08,16:10:21,1998,January
840,1998-01-04 23:00:27,35.1S,33.4E,30.0,17.1,6.0,-10.6,12.0,74000000000.0,0.23,1998-01-04,23:00:27,1998,January
841,1997-12-28 03:58:18,23.1S,152.4E,,,,,,31000000000.0,0.11,1997-12-28,03:58:18,1997,December
842,1997-12-09 08:15:55,62.7N,49.9W,,,,,,270000000000.0,0.73,1997-12-09,08:15:55,1997,December
843,1997-11-07 07:46:55,57.3S,167.2E,,,,,,800000000000.0,1.9,1997-11-07,07:46:55,1997,November
844,1997-10-09 18:47:15,31.8N,106.0W,37.0,,,,,190000000000.0,0.53,1997-10-09,18:47:15,1997,October
845,1997-10-01 14:26:43,46.7N,108.9E,,,,,,62000000000.0,0.2,1997-10-01,14:26:43,1997,October
846,1997-09-30 12:31:18,38.1S,63.9E,,,,,,23000000000.0,0.082,1997-09-30,12:31:18,1997,September
847,1997-09-05 11:41:54,31.1S,56.4E,,,,,,190000000000.0,0.53,1997-09-05,11:41:54,1997,September
848,1997-08-20 17:16:43,,,,,,,,26000000000.0,0.092,1997-08-20,17:16:43,1997,August
849,1997-08-15 01:05:22,,,,,,,,22000000000.0,0.079,1997-08-15,01:05:22,1997,August
850,1997-07-30 03:01:51,,,,,,,,50000000000.0,0.16,1997-07-30,03:01:51,1997,July
851,1997-07-04 12:22:33,15.8S,175.8W,,,,,,27000000000.0,0.095,1997-07-04,12:22:33,1997,July
852,1997-05-22 08:30:15,,,,,,,,45000000000.0,0.15,1997-05-22,08:30:15,1997,May
853,1997-04-27 22:34:21,16.7N,87.5E,,,,,,325000000000.0,0.86,1997-04-27,22:34:21,1997,April
854,1997-02-19 04:31:35,16.3S,87.7W,,,,,,140000000000.0,0.41,1997-02-19,04:31:35,1997,February
855,1997-02-15 15:23:35,35.5N,115.6E,,,,,,150000000000.0,0.43,1997-02-15,15:23:35,1997,February
856,1997-02-06 18:28:34,,,,,,,,26000000000.0,0.092,1997-02-06,18:28:34,1997,February
857,1997-01-28 17:49:49,,,,,,,,24000000000.0,0.086,1997-01-28,17:49:49,1997,January
858,1997-01-23 10:03:27,15.0S,94.2E,,,,,,270000000000.0,0.73,1997-01-23,10:03:27,1997,January
859,1997-01-22 21:13:16,32.2N,29.0E,,,,,,480000000000.0,1.2,1997-01-22,21:13:16,1997,January
860,1997-01-04 06:46:39,25.7N,5.3W,,,,,,43000000000.0,0.14,1997-01-04,06:46:39,1997,January
861,1997-01-03 15:08:07,,,,,,,,350000000000.0,0.92,1997-01-03,15:08:07,1997,January
862,1996-12-17 04:16:18,34.1N,37.2W,,,,,,41000000000.0,0.14,1996-12-17,04:16:18,1996,December
863,1996-12-10 06:09:32,,,,,,,,250000000000.0,0.68,1996-12-10,06:09:32,1996,December
864,1996-12-04 17:00:34,,,,,,,,49000000000.0,0.16,1996-12-04,17:00:34,1996,December
865,1996-12-01 13:19:35,,,,,,,,62000000000.0,0.2,1996-12-01,13:19:35,1996,December
866,1996-11-22 10:06:17,,,,,,,,68000000000.0,0.22,1996-11-22,10:06:17,1996,November
867,1996-11-08 16:02:13,,,,,,,,61000000000.0,0.2,1996-11-08,16:02:13,1996,November
868,1996-10-30 12:48:19,2.1S,123.1W,,,,,,21000000000.0,0.076,1996-10-30,12:48:19,1996,October
869,1996-10-28 04:46:21,27.4N,79.4W,,,,,,43000000000.0,0.14,1996-10-28,04:46:21,1996,October
870,1996-10-23 08:28:06,47.3S,20.6E,,,,,,44000000000.0,0.15,1996-10-23,08:28:06,1996,October
871,1996-10-19 19:01:08,29.7N,34.7W,,,,,,130000000000.0,0.38,1996-10-19,19:01:08,1996,October
872,1996-10-07 17:43:44,,,,,,,,45000000000.0,0.15,1996-10-07,17:43:44,1996,October
873,1996-10-05 19:21:02,49.6S,145.9E,,,,,,250000000000.0,0.68,1996-10-05,19:21:02,1996,October
874,1996-08-17 15:46:08,,,,,,,,34000000000.0,0.12,1996-08-17,15:46:08,1996,August
875,1996-08-15 16:07:51,,,,,,,,84000000000.0,0.26,1996-08-15,16:07:51,1996,August
876,1996-08-09 18:14:56,,,,,,,,30000000000.0,0.1,1996-08-09,18:14:56,1996,August
877,1996-08-07 03:16:03,,,,,,,,150000000000.0,0.43,1996-08-07,03:16:03,1996,August
878,1996-08-06 04:50:32,,,,,,,,130000000000.0,0.38,1996-08-06,04:50:32,1996,August
879,1996-08-05 19:27:52,,,,,,,,220000000000.0,0.61,1996-08-05,19:27:52,1996,August
880,1996-08-05 15:19:30,,,,,,,,80000000000.0,0.25,1996-08-05,15:19:30,1996,August
881,1996-07-17 03:16:07,31.8N,111.4E,,,,,,50000000000.0,0.16,1996-07-17,03:16:07,1996,July
882,1996-07-12 14:04:45,20.7N,93.6W,,,,,,32000000000.0,0.11,1996-07-12,14:04:45,1996,July
883,1996-06-25 11:22:40,,,,,,,,21000000000.0,0.076,1996-06-25,11:22:40,1996,June
884,1996-05-08 01:02:05,,,,,,,,28000000000.0,0.098,1996-05-08,01:02:05,1996,May
885,1996-05-01 13:19:25,,,,,,,,35000000000.0,0.12,1996-05-01,13:19:25,1996,May
886,1996-03-31 00:53:57,,,,,,,,27000000000.0,0.095,1996-03-31,00:53:57,1996,March
887,1996-03-30 04:03:32,31.1S,84.3W,,,,,,120000000000.0,0.36,1996-03-30,04:03:32,1996,March
888,1996-03-29 20:30:54,21.5N,158.1W,,,,,,128000000000.0,0.38,1996-03-29,20:30:54,1996,March
889,1996-03-25 17:00:41,,,,,,,,44000000000.0,0.15,1996-03-25,17:00:41,1996,March
890,1996-03-13 08:31:01,,,,,,,,230000000000.0,0.63,1996-03-13,08:31:01,1996,March
891,1996-02-16 07:03:14,,,,,,,,55000000000.0,0.18,1996-02-16,07:03:14,1996,February
892,1996-02-15 02:38:05,76.0N,127.0W,,,,,,50000000000.0,0.16,1996-02-15,02:38:05,1996,February
893,1996-01-18 17:10:49,,,,,,,,120000000000.0,0.36,1996-01-18,17:10:49,1996,January
894,1996-01-15 13:44:23,59.8S,175.8E,,,,,,260000000000.0,0.71,1996-01-15,13:44:23,1996,January
895,1995-12-27 12:55:01,,,,,,,,22000000000.0,0.079,1995-12-27,12:55:01,1995,December
896,1995-12-22 13:26:29,70.2S,73.3W,,,,,,450000000000.0,1.1,1995-12-22,13:26:29,1995,December
897,1995-12-09 19:54:26,2.9S,79.0W,,,,,,120000000000.0,0.36,1995-12-09,19:54:26,1995,December
898,1995-11-25 05:29:31,,,,,,,,29000000000.0,0.1,1995-11-25,05:29:31,1995,November
899,1995-11-13 03:10:47,,,,,,,,21000000000.0,0.076,1995-11-13,03:10:47,1995,November
900,1995-10-01 02:42:01,,,,,,,,35000000000.0,0.12,1995-10-01,02:42:01,1995,October
901,1995-09-09 07:38:38,,,,,,,,500000000000.0,1.3,1995-09-09,07:38:38,1995,September
902,1995-08-24 21:54:35,,,,,,,,120000000000.0,0.36,1995-08-24,21:54:35,1995,August
903,1995-08-17 16:39:02,,,,,,,,160000000000.0,0.46,1995-08-17,16:39:02,1995,August
904,1995-08-06 04:38:09,,,,,,,,55000000000.0,0.18,1995-08-06,04:38:09,1995,August
905,1995-08-05 17:14:10,11.6N,104.3W,,,,,,200000000000.0,0.56,1995-08-05,17:14:10,1995,August
906,1995-07-11 18:38:41,28.5S,93.3E,,,,,,130000000000.0,0.38,1995-07-11,18:38:41,1995,July
907,1995-07-09 18:20:09,0.9S,66.3E,,,,,,25000000000.0,0.089,1995-07-09,18:20:09,1995,July
908,1995-07-07 17:33:37,40.2N,76.1W,,,,,,140000000000.0,0.41,1995-07-07,17:33:37,1995,July
909,1995-06-09 09:28:38,,,,,,,,25000000000.0,0.089,1995-06-09,09:28:38,1995,June
910,1995-04-02 12:32:38,,,,,,,,25000000000.0,0.089,1995-04-02,12:32:38,1995,April
911,1995-02-16 13:05:47,16.7N,141.7W,,,,,,60000000000.0,0.19,1995-02-16,13:05:47,1995,February
912,1995-01-18 10:17:26,51.5N,115.4E,,,,,,70000000000.0,0.22,1995-01-18,10:17:26,1995,January
913,1995-01-10 21:08:41,,,,,,,,25000000000.0,0.089,1995-01-10,21:08:41,1995,January
914,1995-01-04 04:16:17,46.4N,12.1E,,,,,,41000000000.0,0.14,1995-01-04,04:16:17,1995,January
915,1995-01-02 20:41:38,,,,,,,,30000000000.0,0.1,1995-01-02,20:41:38,1995,January
916,1994-12-18 12:45:40,,,,,,,,50000000000.0,0.16,1994-12-18,12:45:40,1994,December
917,1994-12-16 09:41:03,42.2S,27.6E,,,,,,50000000000.0,0.16,1994-12-16,09:41:03,1994,December
918,1994-11-03 20:01:36,6.5N,89.0E,,,,,,2350000000000.0,5.0,1994-11-03,20:01:36,1994,November
919,1994-11-01 06:50:46,1.5S,84.5W,,,,,,1000000000000.0,2.3,1994-11-01,06:50:46,1994,November
920,1994-10-27 04:21:29,,,,,,,,320000000000.0,0.85,1994-10-27,04:21:29,1994,October
921,1994-10-20 00:11:21,45.2S,1.9W,,,,,,87000000000.0,0.27,1994-10-20,00:11:21,1994,October
922,1994-10-08 03:24:22,,,,,,,,66000000000.0,0.21,1994-10-08,03:24:22,1994,October
923,1994-09-22 04:22:17,,,,,,,,67000000000.0,0.21,1994-09-22,04:22:17,1994,September
924,1994-08-15 23:16:48,,,,,,,,164000000000.0,0.47,1994-08-15,23:16:48,1994,August
925,1994-06-15 00:02:26,45.0N,73.5W,,,,,,41000000000.0,0.14,1994-06-15,00:02:26,1994,June
926,1994-06-03 20:48:42,,,,,,,,509000000000.0,1.3,1994-06-03,20:48:42,1994,June
927,1994-05-29 09:30:58,52.8N,2.3E,,,,,,384000000000.0,1.0,1994-05-29,09:30:58,1994,May
928,1994-02-01 22:38:09,2.7N,164.1E,,,,,,18200000000000.0,30.0,1994-02-01,22:38:09,1994,February
929,1993-11-29 17:48:41,26.5N,78.3E,,,,,,26000000000.0,0.092,1993-11-29,17:48:41,1993,November
930,1993-10-31 03:39:27,51.3N,100.9W,,,,,,40000000000.0,0.13,1993-10-31,03:39:27,1993,October
931,1991-10-04 09:22:47,78.7N,6.3E,,,,,,550000000000.0,1.4,1991-10-04,09:22:47,1991,October
932,1990-10-01 03:51:47,7.5N,142.8E,,,,,,2500000000000.0,5.2,1990-10-01,03:51:47,1990,October
933,1988-04-15 03:03:10,4.1S,124.3E,,,,,,7580000000000.0,14.0,1988-04-15,03:03:10,1988,April
